,pid,wpid,priceID,saleprice,product_img,product_name,categorystr,compnaystr,newmrp,oldmrp,percent,saleqtytypestr,prodsaletypedetails,quantity,cartquantity,minqty,warehouse_id
0,1,4666,4666,25.96,pro-1-100322032906.jpg,1-AL 5MG TAB,Ethical,F.D.C,26.47,34.65,23.61% OFF,Strip,,78,,,27
1,2,218,218,85,pro-1-100322041100.jpg,ABZORB POW,Ethical,ABBOTT,86.70,142.00,38.94% OFF,PIECE,,500,,,2
2,5,216,216,88,pro-1-100322032748.jpg,ASCORIL EXPECTORANT,Ethical,GLENMARK PHARMACEUTICALS LTD,89.76,135.00,33.51% OFF,PIECE,,82,,,2
3,6,220,220,6,pro-1-100322032704.jpg,ASTHALIN 2MG TAB,Ethical,Cipla,6.12,8.06,24.07% OFF,Strip,,20,,,2
4,8,221,221,138,pro-1-100322041035.jpg,ADDYZOA CAP,Ethical,Charak Pharma Pvt Ltd,140.76,192.00,26.69% OFF,Strip,,100,,,2
5,9,9278,9278,123.39,pro-1-090322043518.jpg,AUTRIN CAPSULE,Ethical,PFIZER,125.86,164.79,23.62% OFF,Strip,,62,,,27
6,15,239,239,30,pro-1-100322040907.jpg,ALERID SYP 60 ML,Ethical,Cipla,30.60,43.68,29.95% OFF,PIECE,,10,,,2
7,16,241,241,12.5,pro-1-100322040848.jpg,ALERID TAB,Ethical,Cipla,12.75,18.81,32.22% OFF,Strip,,140,,,2
8,20,9279,9279,8.99,pro-1-100322032149.jpg,AVIL 50,Ethical,SANOFI,9.16,12.11,24.36% OFF,Strip,,47,,,27
9,21,249,249,33,pro-1-100322040817.jpg, B.N.C CREAM,Ethical,OMEGA REMEDIES PVT.LTD.,33.66,59.00,42.95% OFF,PIECE,,50,,,2
10,22,4693,4693,37.3,pro-1-100322032052.jpg,BECADEXAMIN CAP,Ethical,GSK,38.05,46.00,17.28% OFF,PIECE,,34,,,27
11,23,9285,9285,37.14,pro-1-100322032031.jpg,BECOSULES CAP,Ethical,PFIZER,37.50,46.40,19.18% OFF,Strip,,496,,,27
12,29,253,253,65,pro-1-100322031429.jpg,BESTOGESIC OIL,Ethical,INDIAN IMMUNOLOGICALS LTD,66.30,152.52,56.53% OFF,Bottle,,10,,,2
13,30,254,254,187,pro-1-100322031218.jpg,ALLEGRA M TAB,Ethical,SANOFI,190.74,251.30,24.10% OFF,Strip,,9,,,2
14,33,4,4,240,pro-1-100322084259.jpg,ABHAYRAB VAIL,Ethical,Human biologicals institue,244.80,393.32,37.76% OFF,PIECE,,27,,,2
15,34,4648,4648,26.12,pro-1-100322090135.jpg,ZOCON 200 TAB,Ethical,F.D.C,26.63,34.87,23.63% OFF,Strip,,135,,,27
16,35,4647,4647,54.14,pro-1-100322090214.jpg,ZOCON 150 MG,Ethical,F.D.C,55.22,72.30,23.62% OFF,Strip,,64,,,27
17,38,9270,9270,69.51,pro-1-110322033029.jpg,AMPOXIN CAP 500,Ethical,Torrent,70.89,97.70,27.44% OFF,Strip,,55,,,27
18,40,4695,4695,10.56,pro-1-230622094558.jpg,BETNESOL TAB,Ethical,GSK,10.76,14.10,23.69% OFF,Strip,,1085,,,27
19,43,4721,4721,76.91,pro-1-110322034503.jpg,COBADEX CZS,Ethical,GSK,78.44,102.70,23.62% OFF,Strip,,124,,,27
20,61,9330,9330,38.72,pro-1-110322045516.jpg,EVION 600,Ethical,Procter & Gamble Health Ltd.,39.49,51.70,23.62% OFF,Strip,,60,,,27
21,107,4630,4630,41.18,pro-1-120322103918.jpg,RINIFOL CAP,Ethical,Elan pharma (india) pvt ltd.,42.00,54.45,22.87% OFF,Strip,,55,,,27
22,114,9453,9453,67.4,pro-1-120322104810.jpg,SPORIDEX 125MG TAB,Ethical,Sun Pharma,68.75,90.00,23.61% OFF,Strip,,39,,,27
23,115,9451,9451,71.14,pro-1-120322104900.jpg,SPORIDEX 250 CAP,Ethical,Sun Pharma,72.55,95.00,23.63% OFF,Strip,,14,,,27
24,116,9452,9452,172.23,pro-1-120322104957.jpg,SPORIDEX 500 CAP,Ethical,Sun Pharma,175.67,230.00,23.62% OFF,Strip,,49,,,27
25,134,9355,9355,142.28,pro-1-210322041413.jpg,HEPAKIND 150 TAB,Ethical,Mankind,145.13,190.00,23.62% OFF,Strip,,30,,,27
26,135,9356,9356,262.08,pro-1-210322041511.jpg,HEPAKIND 300 TAN,Ethical,Mankind,267.32,350.00,23.62% OFF,Strip,,60,,,27
27,136,9475,9475,133.86,pro-1-210322041719.jpg,UBINEXT LC,Ethical,Mankind,136.53,195.00,29.98% OFF,Strip,,54,,,27
28,150,9324,9324,34.29,pro-1-210322044003.jpg,DENTAFORCE  DT TAB,Ethical,Mankind,34.97,45.78,23.61% OFF,Strip,,15,,,27
29,155,9338,9338,71.98,pro-1-210322044256.jpg,FLOZEN PLUS TAB,Ethical,Mankind,73.41,106.80,31.26% OFF,Strip,,22,,,27
30,172,9400,9400,17.97,pro-1-210322045514.jpg,NOBEL MD TAB,Ethical,Mankind,18.32,47.98,61.82% OFF,Strip,,20,,,27
31,214,5386,5386,68.5,pro-1-210322055810.jpg,MACBERY SYP,Ethical,MACLEODS PHARACEUTICALS,69.86,108.90,35.85% OFF,PIECE,,29,,,27
32,221,5388,5388,135.91,pro-1-210322060734.jpg,MACTOTAL,Ethical,MACLEODS PHARACEUTICALS,138.62,181.50,23.63% OFF,Strip,,50,,,27
33,232,9476,9476,52.88,pro-1-210322062801.jpg,UNIENZYME TAB,Ethical,Torrent,53.93,70.60,23.61% OFF,Strip,,637,,,27
34,260,4372,4372,108.51,pro-1-140422104432.jpg,MEGA CV 625 TAB               ,Ethical,ARISTO,110.67,177.42,37.62% OFF,Strip,,43,,,27
35,269,527,527,26,pro-1-140422105219.jpg,MONOCEF-500 MG VAIL           ,Ethical,ARISTO,27.04,56.07,51.77% OFF,PIECE,1,100,,25,3
36,270,573,573,111,pro-1-140422105316.jpg,MONOCEF-O-200 TAB             ,Ethical,ARISTO,113.22,185.00,38.8% OFF,Strip,1,31,,10,3
37,272,4368,4368,78.89,pro-1-140422105614.jpg,MONTAZ INJ 1 GM               ,Ethical,ARISTO,80.46,215.00,62.58% OFF,PIECE,,109,,,27
38,273,4367,4367,26.21,pro-1-140422105745.jpg,MONTAZ INJ 250 MG             ,Ethical,ARISTO,26.73,75.00,64.36% OFF,PIECE,,88,,,27
39,275,9394,9394,99.65,pro-1-140422105903.jpg,MOXIFORCE-CV 625 TAB          ,Ethical,Mankind,101.64,171.10,40.60% OFF,Strip,,28,,,27
40,277,9401,9401,67.96,pro-1-200622022340.jpg,NOBEL MR TAB                  ,Ethical,Mankind,69.31,90.75,23.63% OFF,Strip,,23,,,27
41,285,431,431,68,pro-1-140422110639.jpg,TAXIM O 200MG TAB             ,Ethical,ALKEM LABORATORIES,69.36,97.00,28.49% OFF,Strip,10,10,,10,3
42,302,5334,5334,47.89,pro-1-140422114540.jpg,SOLVIN COLD DROP              ,Ethical,ABBOTT,48.84,71.05,31.26% OFF,PIECE,,145,,,27
43,303,5337,5337,47.62,pro-1-280722032641.jpg,SOLVIN COLD SYP               ,Ethical,ABBOTT,48.57,70.65,31.25% OFF,PIECE,,163,,,27
44,329,319,319,22,pro-1-140422023353.jpg,CALPOL PAED DROP              ,Ethical,GSK,22.44,30.07,25.37% OFF,PIECE,,18,,,2
45,330,9276,9276,42.56,pro-1-140422023415.jpg,ASTHAKIND P DROP              ,Ethical,LIFE STAR PHARMA LTD,43.40,68.20,36.36% OFF,PIECE,,21,,,27
46,331,9277,9277,28.87,pro-1-140422023436.jpg,ASTHAKIND TAB                 ,Ethical,LIFE STAR PHARMA LTD,29.44,38.54,23.61% OFF,Strip,,51,,,27
47,333,9346,9346,199.34,pro-1-140422023517.jpg,GUDCEF CV 200 TAB             ,Ethical,LIFE STAR PHARMA LTD,203.32,319.44,36.35% OFF,Strip,,20,,,27
48,337,9364,9364,45.21,pro-1-140422023830.jpg,HICOPE-25                     ,Ethical,LIFE STAR PHARMA LTD,46.11,72.45,36.36% OFF,Strip,,15,,,27
49,338,9385,9385,54.66,pro-1-140422023853.jpg,MAHAFLOX EYE DROP             ,Ethical,LIFE STAR PHARMA LTD,55.74,86.90,35.86% OFF,PIECE,,48,,,27
50,343,9466,9466,68.75,pro-1-140422024338.jpg,TERBINAFORCE TAB              ,Ethical,LIFE STAR PHARMA LTD,70.13,100.14,29.97% OFF,Strip,,89,,,27
51,346,5380,5380,61.44,pro-1-140422024443.jpg,CEFOLAC 200                   ,Ethical,MACLEODS PHARACEUTICALS,62.66,97.66,35.84% OFF,Strip,,47,,,27
52,348,5381,5381,130.84,pro-1-140422024529.jpg,CEFOLAC O 200                 ,Ethical,MACLEODS PHARACEUTICALS,133.45,192.00,30.49% OFF,Strip,,27,,,27
53,350,5382,5382,48.18,pro-1-140422024558.jpg,INSTAKIT                      ,Ethical,MACLEODS PHARACEUTICALS,49.14,378.47,87.02% OFF,Strip,,33,,,27
54,355,5383,5383,60.2,pro-1-140422024920.jpg,MACBERY DX SYP                ,Ethical,MACLEODS PHARACEUTICALS,61.40,95.70,35.84% OFF,PIECE,,24,,,27
55,356,5384,5384,53.97,pro-1-140422024940.jpg,MACBERY JUNIOR                ,Ethical,MACLEODS PHARACEUTICALS,55.05,85.80,35.84% OFF,PIECE,,52,,,27
56,358,5385,5385,53.97,pro-1-140422025023.jpg,MACBERY PD                    ,Ethical,MACLEODS PHARACEUTICALS,55.05,85.80,35.84% OFF,PIECE,,78,,,27
57,359,5443,5443,74.85,pro-1-140422025049.jpg,MACBERY XT                    ,Ethical,MACLEODS PHARACEUTICALS,76.35,119.00,35.84% OFF,PIECE,,42,,,27
58,366,5441,5441,47.89,pro-1-140422025303.jpg,MEGALIS-10                    ,Ethical,MACLEODS PHARACEUTICALS,48.84,188.10,74.04% OFF,Strip,,24,,,27
59,367,5440,5440,109.48,pro-1-140422025316.jpg,MEGALIS-20                    ,Ethical,MACLEODS PHARACEUTICALS,111.67,430.00,74.03% OFF,Strip,,46,,,27
60,369,5372,5372,149.51,pro-1-140422025411.jpg,NUPENTA DSR                   ,Ethical,MACLEODS PHARACEUTICALS,152.49,199.65,23.62% OFF,Strip,,14,,,27
61,371,5374,5374,9.64,pro-1-140422025451.jpg,OMNACORTIL 10                 ,Ethical,MACLEODS PHARACEUTICALS,9.82,11.98,18.03% OFF,Strip,,190,,,27
62,372,5375,5375,5.49,pro-1-140422025507.jpg,OMNACORTIL 5                  ,Ethical,MACLEODS PHARACEUTICALS,5.60,6.83,18.01% OFF,Strip,,190,,,27
63,373,5376,5376,30.14,pro-1-140422025525.jpg,OMNACORTIL DROP               ,Ethical,MACLEODS PHARACEUTICALS,30.73,40.25,23.65% OFF,PIECE,,31,,,27
64,378,5434,5434,134.66,pro-1-140422025750.jpg,RABEMAC-DSR                   ,Ethical,MACLEODS PHARACEUTICALS,137.34,197.60,30.50% OFF,Strip,,129,,,27
65,379,5433,5433,68.79,pro-1-140422025812.jpg,RUBIRED DROP                  ,Ethical,MACLEODS PHARACEUTICALS,70.16,91.85,23.61% OFF,PIECE,,22,,,27
66,382,5432,5432,97.27,pro-1-140422025917.jpg,SENSICLAV 625                 ,Ethical,MACLEODS PHARACEUTICALS,99.21,168.68,41.18% OFF,Strip,,28,,,27
67,386,5428,5428,46.28,pro-1-140422030021.jpg,TELMIDUCE AM                  ,Ethical,MACLEODS PHARACEUTICALS,47.21,61.80,23.61% OFF,Strip,,27,,,27
68,387,5427,5427,49.24,pro-1-140422030038.jpg,TELMIDUCE H                   ,Ethical,MACLEODS PHARACEUTICALS,50.22,65.75,23.62% OFF,Strip,,32,,,27
69,388,9500,9500,31.17,pro-1-140422030104.jpg,ZADY READYMIX                 ,Ethical,MACLEODS PHARACEUTICALS,31.79,46.25,31.26% OFF,PIECE,,14,,,27
70,391,9291,9291,60.56,pro-1-140422030157.jpg,BRUTACEF 200                  ,Ethical,MANKIND MAGNET,61.77,97.05,36.35% OFF,Strip,,24,,,27
71,392,9292,9292,102.96,pro-1-140422030224.jpg,BRUTACEF O TAB                ,Ethical,MANKIND MAGNET,105.02,150.00,29.99% OFF,Strip,,11,,,27
72,393,9297,9297,75.51,pro-1-140422030243.jpg,BRUTAFLAM PLUS                ,Ethical,MANKIND MAGNET,77.01,110.00,29.99% OFF,Strip,,17,,,27
73,394,9294,9294,82.37,pro-1-140422030312.jpg,BRUTAFLAM-90                  ,Ethical,MANKIND MAGNET,84.01,120.00,29.99% OFF,Strip,,41,,,27
74,399,9352,9352,64.02,pro-1-140422030502.jpg,GUDGESIC-AA                   ,Ethical,MANKIND MAGNET,65.30,95.00,31.26% OFF,Strip,,20,,,27
75,400,787,787,10.78,pro-1-050822011400.jpg,GUDGESIC-AQ INJ               ,Ethical,MANKIND MAGNET,11.00,29.04,62.12% OFF,PIECE,,90,,,3
76,403,9512,9512,105.64,pro-1-140422031004.jpg,HISTAFREE M TAB               ,Ethical,MANKIND MAGNET,107.75,153.89,29.98% OFF,Strip,,84,,,27
77,406,9368,9368,95.52,pro-1-140422031150.jpg,HISTAKIND-M TAB               ,Ethical,MANKIND MAGNET,97.42,139.15,29.99% OFF,Strip,,44,,,27
78,407,9384,9384,99.21,pro-1-140422031207.jpg,MAGNATUSS-T                   ,Ethical,MANKIND MAGNET,101.19,133.10,23.97% OFF,PIECE,,38,,,27
79,416,9440,9440,33.63,pro-1-140422031542.jpg,RANIDOM RD TAB                ,Ethical,MANKIND MAGNET,34.30,49.90,31.26% OFF,Strip,,80,,,27
80,418,9461,9461,63.65,pro-1-140422031622.jpg,TELMIKIND-CT 40               ,Ethical,MANKIND MAGNET,64.91,85.00,23.64% OFF,Strip,,49,,,27
81,438,456,456,37.41,pro-1-140422032359.jpg,DOLOKIND PLUS TAB             ,Ethical,MANKIND PHARMA DISEOVERY,38.16,62.29,38.74% OFF,Strip,1,20,,,3
82,439,5413,5413,42.59,pro-1-140422032421.jpg,DOLOKIND SR TAB               ,Ethical,MANKIND PHARMA DISEOVERY,43.44,63.18,31.24% OFF,Strip,,32,,,27
83,442,4707,4707,128.82,pro-1-140422032707.jpg,ELTROXIN 75                   ,Ethical,MANKIND PHARMA DISEOVERY,131.40,172.54,23.84% OFF,Dibbi,,58,,,27
84,445,5407,5407,28.6,pro-1-140422032913.jpg,FYNAL-500 TAB                 ,Ethical,MANKIND PHARMA DISEOVERY,29.17,41.65,29.96% OFF,Strip,,18,,,27
85,446,440,440,41.45,pro-1-140422032928.jpg,FYNAL-OZ TAB                  ,Ethical,MANKIND PHARMA DISEOVERY,42.28,69.00,38.72% OFF,Strip,1,2,,,3
86,447,5401,5401,71.14,pro-1-140422033003.jpg,GLIMESTAR PM1 TAB             ,Ethical,MANKIND PHARMA DISEOVERY,72.55,95.00,23.63% OFF,Strip,,114,,,27
87,448,5400,5400,89.79,pro-1-140422033026.jpg,GLIMESTAR PM2 TAB             ,Ethical,MANKIND PHARMA DISEOVERY,91.58,119.90,23.62% OFF,Strip,,82,,,27
88,449,5405,5405,52.35,pro-1-140422033044.jpg,GLIMESTAR-M1                  ,Ethical,MANKIND PHARMA DISEOVERY,53.40,69.90,23.61% OFF,Strip,,54,,,27
89,451,5399,5399,59.83,pro-1-140422033126.jpg,GLYKIND-M                     ,Ethical,MANKIND PHARMA DISEOVERY,61.02,79.90,23.63% OFF,Strip,,32,,,27
90,452,5398,5398,36.7,pro-1-140422033146.jpg,GRANIFORCE SYP                ,Ethical,MANKIND PHARMA DISEOVERY,37.42,49.00,23.63% OFF,PIECE,,30,,,27
91,455,9360,9360,93.63,pro-1-140422033306.jpg,HERPIKIND-400TAB              ,Ethical,MANKIND PHARMA DISEOVERY,95.50,136.41,29.99% OFF,Strip,,16,,,27
92,458,5395,5395,118.56,pro-1-140422033400.jpg,MAHACEF CV 200                ,Ethical,MANKIND PHARMA DISEOVERY,120.92,158.33,23.63% OFF,Strip,,21,,,27
93,465,5366,5366,56.88,pro-1-140422034017.jpg,MONTICOPE KID                 ,Ethical,MANKIND PHARMA DISEOVERY,58.02,75.96,23.62% OFF,Strip,,34,,,27
94,467,5368,5368,108.58,pro-1-140422034053.jpg,MONTICOPE-A TAB               ,Ethical,MANKIND PHARMA DISEOVERY,110.74,145.00,23.63% OFF,Strip,,36,,,27
95,469,5361,5361,68.2,pro-1-140422034137.jpg,NOBEL GEL 30GM                ,Ethical,MANKIND PHARMA DISEOVERY,69.56,108.42,35.84% OFF,PIECE,,23,,,27
96,476,9415,9415,216.23,pro-1-140422034415.jpg,NUROKIND GOLD SACHET          ,Ethical,MANKIND PHARMA DISEOVERY,220.54,315.00,29.99% OFF,Box,,35,,,27
97,477,5348,5348,74.07,pro-1-140422034440.jpg,NUROKIND PLUS CAP             ,Ethical,MANKIND PHARMA DISEOVERY,75.55,109.90,31.26% OFF,Strip,,42,,,27
98,481,5344,5344,68.58,pro-1-140422034617.jpg,PANTAKIND-DSR CAP             ,Ethical,MANKIND PHARMA DISEOVERY,69.94,99.90,29.99% OFF,Strip,,53,,,27
99,482,9434,9434,45.2,pro-1-140422034632.jpg,RABEKIND 20 TAB               ,Ethical,MANKIND PHARMA DISEOVERY,46.09,65.85,30.01% OFF,Strip,,49,,,27
100,484,9447,9447,49.43,pro-1-140422034711.jpg,SCABELICE-LOSSAN              ,Ethical,MANKIND PHARMA DISEOVERY,50.41,66.00,23.62% OFF,PIECE,,26,,,27
101,486,9456,9456,17.83,pro-1-140422034748.jpg,TELMIKIND 20 TAB              ,Ethical,MANKIND PHARMA DISEOVERY,18.18,23.80,23.61% OFF,Strip,,62,,,27
102,495,9487,9487,99.67,pro-1-140422043133.jpg,VERTISTAR MD 24               ,Ethical,MANKIND PHARMA DISEOVERY,101.65,133.10,23.63% OFF,Strip,,20,,,27
103,498,9488,9488,157.14,pro-1-140422043312.jpg,VOGLISTAR-GM1 TAB             ,Ethical,MANKIND PHARMA DISEOVERY,160.27,209.85,23.63% OFF,Strip,,13,,,27
104,501,9498,9498,70.11,pro-1-200622011558.jpg,ZADY 200 READYMIX 30ML        ,Ethical,MANKIND PHARMA DISEOVERY,71.51,102.14,29.99% OFF,PIECE,,17,,,27
105,503,9504,9504,39.81,pro-1-140422043519.jpg,ZENFLOX SUP 60ML              ,Ethical,MANKIND PHARMA DISEOVERY,40.60,57.99,29.99% OFF,PIECE,,34,,,27
106,504,9272,9272,84.25,pro-1-140422043538.jpg,APTIMUST SYP                  ,Ethical,MANKIND PHARMA FUTURE,85.93,135.00,36.35% OFF,PIECE,,18,,,27
107,508,9342,9342,50.94,pro-1-140422043700.jpg,GLIPTAGREAT M 500             ,Ethical,MANKIND PHARMA FUTURE,51.96,74.20,29.97% OFF,Strip,,70,,,27
108,509,9353,9353,67.96,pro-1-140422043724.jpg,GUDLAX PLUS                   ,Ethical,MANKIND PHARMA FUTURE,69.31,108.90,36.35% OFF,PIECE,,28,,,27
109,511,9383,9383,108.86,pro-1-140422043801.jpg,LYCOSTAR CAP                  ,Ethical,MANKIND PHARMA FUTURE,111.03,159.90,30.56% OFF,Strip,,20,,,27
110,513,9414,9414,67.37,pro-1-200622124728.jpg,NUROKIND GOLD IN              ,Ethical,MANKIND PHARMA FUTURE,68.71,107.96,36.36% OFF,PIECE,,37,,,27
111,516,9432,9432,17.03,pro-1-140422043943.jpg,PRESTAKIND TAB                ,Ethical,MANKIND PHARMA FUTURE,17.37,75.80,77.08% OFF,Strip,,60,,,27
112,517,9443,9443,224.65,pro-1-140422043958.jpg,REHEPTIN                      ,Ethical,MANKIND PHARMA FUTURE,229.13,300.00,23.62% OFF,Strip,,15,,,27
113,518,9446,9446,27.02,pro-1-140422044016.jpg,SAMLOKIND AT                  ,Ethical,MANKIND PHARMA FUTURE,27.55,36.08,23.64% OFF,Strip,,96,,,27
114,519,9499,9499,72.61,pro-1-140422044032.jpg,ZADY-250                      ,Ethical,MANKIND PHARMA FUTURE,74.05,116.36,36.36% OFF,Strip,,82,,,27
115,521,9506,9506,33.71,pro-1-140422044243.jpg,ZEROGRAIN 10                  ,Ethical,MANKIND PHARMA FUTURE,34.38,45.02,23.63% OFF,Strip,,21,,,27
116,522,9263,9263,180.19,pro-1-140422044257.jpg,ABIWAYS                       ,Ethical,MANKIND PHARMA LTD,183.78,262.50,29.99% OFF,Strip,,36,,,27
117,527,9510,9510,54.95,pro-1-140422044551.jpg,ASTHAKIND DX 100ML            ,Ethical,MANKIND PHARMA LTD,56.04,95.70,41.44% OFF,PIECE,,27,,,27
118,530,9275,9275,58.35,pro-1-140422044812.jpg,ASTHAKIND LS 100 ML           ,Ethical,MANKIND PHARMA LTD,59.51,93.50,36.35% OFF,PIECE,,60,,,27
119,531,9274,9274,40.44,pro-1-140422044937.jpg,ASTHAKIND LS DROP             ,Ethical,MANKIND PHARMA LTD,41.24,60.00,31.27% OFF,PIECE,,31,,,27
120,532,9281,9281,26.21,pro-1-140422045001.jpg,BANDY PLUS SUSP               ,Ethical,MANKIND PHARMA LTD,26.73,35.00,23.63% OFF,PIECE,,26,,,27
121,534,9283,9283,12.08,pro-1-140422045042.jpg,BANDY SUSP                    ,Ethical,MANKIND PHARMA LTD,12.32,17.92,31.25% OFF,PIECE,,37,,,27
122,536,9290,9290,54.84,pro-1-140422045123.jpg,BIGSPAS P TAB                 ,Ethical,MANKIND PHARMA LTD,55.94,79.90,29.99% OFF,Strip,,37,,,27
123,537,9295,9295,136.6,pro-1-140422045141.jpg,BRUTAFLAM-MR                  ,Ethical,MANKIND PHARMA LTD,139.33,199.00,29.98% OFF,Strip,,77,,,27
124,538,9300,9300,144.09,pro-1-140422045156.jpg,CEFAKIND-250 MG TAB           ,Ethical,MANKIND PHARMA LTD,146.97,209.90,29.98% OFF,Strip,,15,,,27
125,539,9301,9301,295.08,pro-1-140422045215.jpg,CEFAKIND-500 MG TAB           ,Ethical,MANKIND PHARMA LTD,300.98,429.90,29.99% OFF,Strip,,28,,,27
126,540,9309,9309,138.53,pro-1-140422045232.jpg,CLARINOVA 250                 ,Ethical,MANKIND PHARMA LTD,141.30,185.00,23.62% OFF,Strip,,26,,,27
127,546,9317,9317,86.86,pro-1-140422045601.jpg,COLIWIN-R                     ,Ethical,MANKIND PHARMA LTD,88.60,116.00,23.62% OFF,Strip,,19,,,27
128,547,9321,9321,29.31,pro-1-140422045621.jpg,D3 MUST                       ,Ethical,MANKIND PHARMA LTD,29.90,39.14,23.61% OFF,PIECE,,32,,,27
129,549,9326,9326,52.13,pro-1-200622124455.jpg,DOLOFORCE DT                  ,Ethical,MANKIND PHARMA LTD,53.16,75.95,30.01% OFF,Strip,,42,,,27
130,554,5412,5412,81.06,pro-1-140422045849.jpg,DYNAGLIPT M FORTE TAB         ,Ethical,MANKIND PHARMA LTD,82.68,129.90,36.35% OFF,Strip,,36,,,27
131,557,9333,9333,109.82,pro-1-140422045936.jpg,FERIKIND M SUSP               ,Ethical,MANKIND PHARMA LTD,112.02,176.00,36.35% OFF,PIECE,,14,,,27
132,566,5404,5404,190.28,pro-1-140422050255.jpg,GLIMESTAR M1 FORTE            ,Ethical,MANKIND PHARMA LTD,194.08,254.10,23.62% OFF,Strip,,20,,,27
133,573,9354,9354,97.35,pro-1-140422051031.jpg,GUT OK CAP                    ,Ethical,MANKIND PHARMA LTD,99.29,130.00,23.62% OFF,Strip,,25,,,27
134,575,9363,9363,27.32,pro-1-140422051058.jpg,HICOPE 10 MG                  ,Ethical,MANKIND PHARMA LTD,27.86,43.78,36.36% OFF,Strip,,36,,,27
135,576,9365,9365,38.77,pro-1-140422051113.jpg,HICOPE DROP                   ,Ethical,MANKIND PHARMA LTD,39.54,57.53,31.27% OFF,PIECE,,57,,,27
136,577,9366,9366,44.62,pro-1-310722105330.jpg,HICOPE SYP                    ,Ethical,MANKIND PHARMA LTD,45.50,71.50,36.36% OFF,PIECE,,11,,,27
137,578,9367,9367,102.29,pro-1-140422051147.jpg,HISTAFREE 180                 ,Ethical,MANKIND PHARMA LTD,104.33,149.00,29.98% OFF,Strip,,26,,,27
138,581,9372,9372,98.16,pro-1-140422051240.jpg,KETOSTAR CREAM                ,Ethical,MANKIND PHARMA LTD,100.12,143.00,29.99% OFF,PIECE,,26,,,27
139,583,5421,5421,68.58,pro-1-140422051317.jpg,LECOPE M                      ,Ethical,MANKIND PHARMA LTD,69.94,109.89,36.35% OFF,Strip,,16,,,27
140,584,9375,9375,56.16,pro-1-140422051333.jpg,LECOPE M KID                  ,Ethical,MANKIND PHARMA LTD,57.28,75.00,23.63% OFF,Strip,,18,,,27
141,585,9382,9382,112.96,pro-1-140422051359.jpg,LUBISTAR 1%                   ,Ethical,MANKIND PHARMA LTD,115.21,150.84,23.62% OFF,PIECE,,16,,,27
142,590,5390,5390,81.62,pro-1-140422051540.jpg,MAHAFLOX 400                  ,Ethical,MANKIND PHARMA LTD,83.25,109.00,23.62% OFF,Strip,,12,,,27
143,592,9386,9386,104.77,pro-1-140422051611.jpg,MAHAGABA M-75                 ,Ethical,MANKIND PHARMA LTD,106.86,139.90,23.62% OFF,Strip,,28,,,27
144,594,9388,9388,27.81,pro-1-140422051640.jpg,MANFORCE 50                   ,Ethical,MANKIND PHARMA LTD,28.36,297.00,90.45% OFF,Strip,,60,,,27
145,596,9390,9390,34.72,pro-1-310722110322.jpg,MEFKIND FORTE                 ,Ethical,MANKIND PHARMA LTD,35.40,55.62,36.35% OFF,PIECE,,10,,,27
146,597,9391,9391,163.94,pro-1-140422051921.jpg,MENOHELP SYP                  ,Ethical,MANKIND PHARMA LTD,167.21,220.00,24.00% OFF,PIECE,,26,,,27
147,598,898,898,100,pro-1-140422051935.jpg,MONOCEF O 100 TAB             ,Ethical,MANKIND PHARMA LTD,102.00,140.00,27.14% OFF,Strip,,50,,10,3
148,599,5364,5364,29.52,pro-1-140422051950.jpg,MONTICOPE SYP                 ,Ethical,MANKIND PHARMA LTD,30.11,43.00,29.98% OFF,PIECE,,23,,,27
149,606,5357,5357,32.96,pro-1-140422052227.jpg,NOBEL PLUS SUSP               ,Ethical,MANKIND PHARMA LTD,33.61,48.00,29.98% OFF,PIECE,,44,,,27
150,608,9404,9404,52.9,pro-1-140422052304.jpg,NOBEL SPAS TAB                ,Ethical,MANKIND PHARMA LTD,53.95,78.50,31.27% OFF,Strip,,46,,,27
151,610,9405,9405,43.14,pro-1-140422052331.jpg,NOBLOK DROP                   ,Ethical,MANKIND PHARMA LTD,43.99,64.00,31.27% OFF,PIECE,,14,,,27
152,615,816,816,40.19,pro-1-200622122302.webp,NUCORT M8                     ,Ethical,MANKIND PHARMA LTD,40.99,62.01,33.90% OFF,Strip,,54,,,3
153,622,9418,9418,154.34,pro-1-140422052758.jpg,NUROKIND LC                   ,Ethical,MANKIND PHARMA LTD,157.43,224.85,29.98% OFF,Strip,,37,,,27
154,623,9417,9417,199.33,pro-1-230622093735.jpg,NUROKIND LC INJ               ,Ethical,MANKIND PHARMA LTD,203.31,332.75,38.90% OFF,Box,,12,,,27
155,625,9419,9419,62.4,pro-1-140422052850.jpg,NUROKIND OD INJ               ,Ethical,MANKIND PHARMA LTD,63.65,99.96,36.32% OFF,PIECE,,28,,,27
156,626,9420,9420,127.31,pro-1-140422052905.jpg,NUROKIND OD TAB               ,Ethical,MANKIND PHARMA LTD,129.85,170.00,23.62% OFF,Strip,,27,,,27
157,629,5341,5341,48.13,pro-1-230622095113.jpg,PANTAKIND                     ,Ethical,MANKIND PHARMA LTD,49.09,70.13,30.00% OFF,Strip,,44,,,27
158,630,9429,9429,51.48,pro-1-140422053020.jpg,PLACIDA TAB                   ,Ethical,MANKIND PHARMA LTD,52.50,75.00,30% OFF,Strip,,109,,,27
159,631,9431,9431,22.47,pro-1-140422053035.jpg,PREGA NEWS CARD               ,Ethical,MANKIND PHARMA LTD,22.92,60.00,61.8% OFF,Box,,40,,,27
160,633,9435,9435,140.78,pro-1-140422053107.jpg,RABEKIND PLUS                 ,Ethical,MANKIND PHARMA LTD,143.60,188.00,23.62% OFF,Strip,,21,,,27
161,634,9438,9438,106.4,pro-1-140422053120.jpg,RANIDOM O SUSP                ,Ethical,MANKIND PHARMA LTD,108.52,155.00,29.99% OFF,PIECE,,33,,,27
162,635,9439,9439,62.21,pro-1-140422053135.jpg,RANIDOM PD                    ,Ethical,MANKIND PHARMA LTD,63.44,83.07,23.63% OFF,PIECE,,20,,,27
163,636,9445,9445,283.8,pro-1-140422053212.jpg,RIFASTOP 400                  ,Ethical,MANKIND PHARMA LTD,289.47,379.00,23.62% OFF,Strip,,30,,,27
164,638,9454,9454,22.46,pro-1-140422053245.jpg,T-98 DROP                     ,Ethical,MANKIND PHARMA LTD,22.91,29.99,23.61% OFF,PIECE,,26,,,27
165,639,9455,9455,16.6,pro-1-140422053259.jpg,T-98 SUSP                     ,Ethical,MANKIND PHARMA LTD,16.93,22.17,23.64% OFF,PIECE,,17,,,27
166,641,9457,9457,28.9,pro-1-140422053333.jpg,TELMIKIND 40                  ,Ethical,MANKIND PHARMA LTD,29.48,38.59,23.61% OFF,Strip,,28,,,27
167,642,9460,9460,71.14,pro-1-140422053348.jpg,TELMIKIND AMH                 ,Ethical,MANKIND PHARMA LTD,72.55,95.00,23.63% OFF,Strip,,36,,,27
168,643,9459,9459,51.68,pro-1-140422053405.jpg,TELMIKIND-AM                  ,Ethical,MANKIND PHARMA LTD,52.70,69.00,23.62% OFF,Strip,,70,,,27
169,644,9463,9463,61.4,pro-1-140422053443.jpg,TELMIKIND-H                   ,Ethical,MANKIND PHARMA LTD,62.63,82.00,23.62% OFF,Strip,,27,,,27
170,645,9462,9462,93.17,pro-1-140422053425.jpg,TELMIKIND-H-80 MG             ,Ethical,MANKIND PHARMA LTD,95.02,124.41,23.62% OFF,Strip,,60,,,27
171,646,9464,9464,115.12,pro-1-140422053500.jpg,TERBINAFORCE 500              ,Ethical,MANKIND PHARMA LTD,117.42,167.70,29.98% OFF,Strip,,32,,,27
172,648,9482,9482,72.08,pro-1-140422053531.jpg,URIKIND KM6 SOL.              ,Ethical,MANKIND PHARMA LTD,73.52,105.00,29.98% OFF,PIECE,,18,,,27
173,650,9514,9514,59.81,pro-1-140422053600.jpg,VENTIDOX BRO                  ,Ethical,MANKIND PHARMA LTD,61.00,79.86,23.62% OFF,Strip,,29,,,27
174,657,9491,9491,85.12,pro-1-140422053759.jpg,VOLAPRIDE PLUS                ,Ethical,MANKIND PHARMA LTD,86.81,124.00,29.99% OFF,Strip,,124,,,27
175,662,9501,9501,40.27,pro-1-140422054034.jpg,ZENFLOX 200MG TAB             ,Ethical,MANKIND PHARMA LTD,41.08,69.90,41.23% OFF,Strip,,67,,,27
176,664,9502,9502,36.51,pro-1-140422054105.jpg,ZENFLOX EYE DROPS             ,Ethical,MANKIND PHARMA LTD,37.23,52.99,29.74% OFF,PIECE,,14,,,27
177,666,9503,9503,73.92,pro-1-140422054151.jpg,ZENFLOX-OZ TAB                ,Ethical,MANKIND PHARMA LTD,75.40,118.45,36.34% OFF,Strip,,15,,,27
178,667,9505,9505,142.2,pro-1-140422054213.jpg,ZENFLOX-UTI                   ,Ethical,MANKIND PHARMA LTD,145.04,189.90,23.62% OFF,Strip,,28,,,27
179,677,9331,9331,42.61,pro-1-140422054556.jpg,EVION LC TAB                  ,Ethical,MERCK,43.46,56.90,23.62% OFF,Strip,,266,,,27
180,679,9380,9380,108.95,pro-1-140422054627.jpg,LIVOGEN XT TAB                ,Ethical,MERCK,111.12,174.60,36.36% OFF,Strip,,59,,,27
181,687,6404,6404,67.4,pro-1-140422054854.jpg,SPORIDEX DROPS                ,Ethical,RANBAXY,68.75,90.00,23.61% OFF,PIECE,,23,,,27
182,736,8465,8465,28,pro-1-200622121157.jpg,1-AL SYRUP                    ,Ethical,F.D.C,28.56,38.25,25.33% OFF,PIECE,,11,,,2
183,740,9526,9526,50,pro-1-210422120645.jpg,ACILOC RD TAB                 ,Ethical,Cadila Pharma,51.00,77.00,33.77% OFF,Strip,,23,,,2
184,743,281,281,84,pro-1-310722060839.jpg,AEROCORT R/CAP                ,Ethical,Cipla,85.68,114.35,25.07% OFF,PIECE,,10,,,2
185,744,5351,5351,13.75,pro-1-200622120947.webp,AKT-3 TAB                     ,Ethical,Lupin,14.02,18.35,23.60% OFF,Strip,,145,,,27
186,745,5352,5352,20.33,pro-1-210422121026.jpg,AKT-4                         ,Ethical,Lupin,20.74,27.15,23.61% OFF,Strip,,200,,,27
187,746,5353,5353,51.52,pro-1-210422121103.jpg,AKURIT 3                      ,Ethical,Lupin,52.55,68.80,23.62% OFF,Strip,,100,,,27
188,747,5354,5354,67.99,pro-1-210422121141.jpg,AKURIT 4                      ,Ethical,Lupin,69.35,90.80,23.62% OFF,Strip,,400,,,27
189,750,3934,3934,14.84,pro-1-210422121459.jfif,ALERID SYP 30 ML              ,Ethical,Cipla,15.14,19.82,23.61% OFF,PIECE,,132,,,27
190,751,547,547,90,pro-1-210422121528.webp,ALKASOL LIQUID                ,Ethical,stadmed pvt ltd,91.80,122.05,24.78% OFF,PIECE,,15,,,2
191,752,681,681,157,pro-1-210422121557.jpg,ALLEGRA 100ML SYP             ,Ethical,SANOFI,160.14,207.65,22.88% OFF,PIECE,,9,,,2
192,763,514,514,84,pro-1-210422122039.jpg,AMLYCURE DS SYP               ,Ethical,AIMIL,85.68,151.00,43.26% OFF,PIECE,1,143,,,2
193,764,685,685,190,pro-1-210422122111.jpg,AMODEP 5MG TAB,Ethical,F.D.C,193.80,290.40,33.26% OFF,Strip,,10,,,2
194,765,4664,4664,31.68,pro-1-210422122137.jpg,AMODEP AT TAB                 ,Ethical,F.D.C,32.30,32.80,1.52% OFF,Strip,,79,,,27
195,766,9592,9592,85,pro-1-200622120050.webp,AMPILOX CAP                   ,Ethical,BIOCHEM PHARMCEUTICALS,86.70,151.35,42.72% OFF,Strip,,10,,,2
196,769,687,687,22,pro-1-210422122311.jpg,AMPOXIN 500 INJ               ,Ethical,Torrent,22.44,30.60,26.67% OFF,PIECE,,20,,,2
197,777,848,848,62,pro-1-210422122754.jpg,ANAFORTAN TAB                 ,Ethical,ABBOTT,63.24,82.82,23.64% OFF,Strip,,97,,,2
198,780,688,688,56,pro-1-180622124709.jpg,ANTICONGESTIN CREAM           ,Ethical,The Hindustan Trust (p) Ltd,57.12,756.00,92.44% OFF,PIECE,,200,,,2
199,786,689,689,275,pro-1-210422123421.jfif,ARFLUR-P-TAB                  ,Ethical,F.D.C,280.50,415.00,32.41% OFF,Strip,,10,,,2
200,794,4553,4553,43.09,pro-1-210422123931.jfif,ASTHALIN R/CAP                ,Ethical,Cipla,43.95,57.54,23.62% OFF,PIECE,,112,,,27
201,796,320,320,128,pro-1-200622114915.jpg,AUGMENTIN 625                 ,Ethical,GSK,130.56,182.78,28.57% OFF,Strip,,9,,,2
202,798,690,690,30,pro-1-200622114732.jpg,AVOMINE TAB                   ,Ethical,ABBOTT,30.60,55.98,45.34% OFF,Strip,,195,,,2
203,804,223,223,1040,pro-1-210422124316.jpg,BARALGAN NU TAB               ,Ethical,SANOFI,1060.80,1555.60,31.81% OFF,Strip,,10,,,2
204,809,5362,5362,32.04,pro-1-200622114508.jpg,BEPLEX FORTE TAB              ,Ethical,Cadila Pharma,32.67,42.77,23.61% OFF,Strip,,50,,,27
205,813,284,284,215,pro-1-210422124654.jpg,BETADIN 125GM                 ,Ethical,WIN MEDICARE,219.30,316.00,30.60% OFF,PIECE,,10,,,2
206,816,9288,9288,128.63,pro-1-210422124801.jpg,BETADINE GARGLE 50 ML,Ethical,WIN MEDICARE,131.20,168.50,22.14% OFF,PIECE,,106,,,27
207,817,9287,9287,211.47,pro-1-210422124821.jpg,BETADINE GARGLE 100ML         ,Ethical,WIN MEDICARE,215.70,277.00,22.13% OFF,PIECE,,60,,,27
208,822,9289,9289,32.5,pro-1-210422125123.jpg,BETAMIL GM 25GM               ,Ethical,Procter & Gamble Health Ltd.,33.15,43.40,23.62% OFF,PIECE,,58,,,27
209,823,108,108,80,pro-1-210422125145.webp,BETAWIN-S TAB                 ,Ethical,BESTO,81.60,136.20,40.09% OFF,Strip,,20,,,2
210,827,324,324,17.5,pro-1-200622113709.jpg,BETNESOL-N-E/DROP             ,Ethical,GSK,17.85,20.00,10.75% OFF,PIECE,,55,,,2
211,828,326,326,17.25,pro-1-210422125429.jpg,BETNESOL-O/DROP               ,Ethical,GSK,17.59,23.30,24.51% OFF,PIECE,,492,,,2
212,830,327,327,27.5,pro-1-210422125519.jpg,BETNOVAT GM                   ,Ethical,GSK,28.05,37.45,25.10% OFF,PIECE,,86,,,2
213,831,340,340,41,pro-1-210422125554.webp,BETNOVATE C                   ,Ethical,GSK,41.82,58.60,28.63% OFF,PIECE,,68,,,2
214,841,4427,4427,107.61,pro-1-210422021549.jpg,BRO ZEDEX SYP                 ,Ethical,Dr.Reddy,109.75,156.75,29.98% OFF,PIECE,,68,,,27
215,843,5367,5367,130.8,pro-1-210422021715.jpg,BUDAMATE 200 R/C              ,Ethical,Lupin,133.42,187.82,28.96% OFF,PIECE,,66,,,27
216,844,5369,5369,170.3,pro-1-250422124011.webp,BUDAMATE 400R/C            ,Ethical,Lupin,173.70,239.90,27.59% OFF,Dibbi,,67,,,27
217,845,5370,5370,307.28,pro-1-210422021855.jpg,BUDAMATE FORTE                ,Ethical,Lupin,313.42,427.50,26.69% OFF,Dibbi,,42,,,27
218,846,5371,5371,9.56,pro-1-210422021934.jpg,BUDATE TRANSPULS              ,Ethical,Lupin,9.74,24.97,60.99% OFF,PIECE,,1400,,,27
219,850,9299,9299,28.59,pro-1-210422022056.jpg,BUSCOGAST TAB                 ,Ethical,SANOFI,29.15,36.72,20.62% OFF,Strip,,124,,,27
220,852,124,124,42,pro-1-210422022141.webp,C-SORA OINTMENT               ,Ethical,Dr.Reddy,42.84,92.40,53.64% OFF,PIECE,,994,,,2
221,854,4623,4623,355.68,pro-1-210422022221.jpg,CALCIUM-SANDOZ 10%            ,Ethical,NOVARTIS India ltd.,362.78,475.00,23.63% OFF,Dibbi,,95,,,27
222,855,704,704,122,pro-1-210422022240.webp,CALCURY SYRUP 200 ML          ,Ethical,Charak Pharma Pvt Ltd,124.44,199.00,37.47% OFF,PIECE,,10,,,2
223,856,703,703,422,pro-1-210422022300.jpg,CALCURY TAB                   ,Ethical,Charak Pharma Pvt Ltd,430.44,760.00,43.36% OFF,Dibbi,,2,,,2
224,858,329,329,27,pro-1-210422022341.jpg,CALPOL SUSPENSION 250MG       ,Ethical,GSK,27.54,40.32,31.70% OFF,PIECE,,20,,,2
225,859,4719,4719,25.82,pro-1-270722044956.jpg,CALPOL SYP,Ethical,GSK,26.33,36.29,27.45% OFF,PIECE,,24,,,27
226,861,4737,4737,60.76,pro-1-210422022501.webp,CANDIBIOTIC PLUS              ,Ethical,GLENMARK PHARMACEUTICALS LTD,61.98,88.50,29.97% OFF,PIECE,,197,,,27
227,864,372,372,90,pro-1-140922062540.jpg,CANDID POWDER 120 GM,Ethical,GLENMARK PHARMACEUTICALS LTD,91.80,149.00,38.39% OFF,PIECE,,80,,,2
228,869,384,384,46,pro-1-210422022825.jpg,CANDID-V6 TAB                 ,Ethical,GLENMARK PHARMACEUTICALS LTD,46.92,64.90,27.70% OFF,Strip,,30,,,2
229,877,9304,9304,34.44,pro-1-210422023326.jpg,CELIN 500MG                   ,Ethical,KOYE Pharmaceuticals pvt ltd.,35.12,42.84,18.02% OFF,Strip,,196,,,27
230,878,4627,4627,21.12,pro-1-210422023348.jpg,CETZINE TAB                   ,Ethical,Dr.Reddy,21.54,28.20,23.62% OFF,Strip,,18,,,27
231,883,9305,9305,317.05,pro-1-210422023602.webp,CHYMORAL FORT TAB             ,Ethical,Torrent,323.39,423.40,23.62% OFF,Strip,,20,,,27
232,889,8467,8467,28,pro-1-210422023843.jfif,CINZAN 25 DT TAB              ,Ethical,F.D.C,28.56,41.50,31.18% OFF,Strip,,50,,,2
233,891,3848,3848,76.04,pro-1-180622071044.jpg,CIPLACTIN SYP 200 ML          ,Ethical,Cipla,77.56,145.07,46.54% OFF,PIECE,,23,,,27
234,892,211,211,32.5,pro-1-210422023953.jpg,CIPLACTIN TAB                 ,Ethical,Cipla,33.15,49.03,32.39% OFF,Strip,,166,,,2
235,895,107,107,17,pro-1-030822011727.jpg,CIPLOX D EYE/D                ,Ethical,Cipla,17.34,24.14,28.17% OFF,PIECE,,90,,,2
236,899,8445,8445,17.5,pro-1-210422024329.jpg,CIPROBID 250 TAB              ,Ethical,Zydus Cadila,17.85,25.76,30.71% OFF,Strip,,50,,,2
237,900,9308,9308,29.51,pro-1-210422024357.webp,CIPROBID 500                  ,Ethical,Zydus Cadila,30.09,45.29,33.56% OFF,Strip,,87,,,27
238,910,9316,9316,32.77,pro-1-180622070543.jpg,COLDSOL TAB                   ,Ethical,SYNCHEM LAB,33.43,52.50,36.32% OFF,Strip,,28,,,27
239,911,1152,1152,55,pro-1-210422030051.jpg,COLIMEX DROPS                 ,Ethical,WALLACE PHARMACEUTIALS,56.10,81.00,30.74% OFF,PIECE,,30,,,2
240,912,486,486,15.5,pro-1-180622070244.jpg,COLISPAS DROP                 ,Ethical,SALUTE BESTO CHEM,15.81,42.45,62.76% OFF,PIECE,,1997,,,2
241,914,506,506,27.25,pro-1-210422030305.jpg,COMBIFLAM SUP                 ,Ethical,SANOFI,27.79,40.64,31.62% OFF,PIECE,,91,,,2
242,923,709,709,95,pro-1-250422123905.jpg,COREX DX 100 ML SYP           ,Ethical,PFIZER,96.90,145.00,33.17% OFF,PIECE,,43,,,2
243,924,710,710,56,pro-1-210422030813.jpg,COREX DX 50 ML SYP            ,Ethical,PFIZER,57.12,84.50,32.40% OFF,PIECE,,40,,,2
244,933,335,335,370,pro-1-250422111423.jpg,CROCIN ADVANCE                ,Ethical,GSK,377.40,448.00,15.76% OFF,Strip,,30,,,2
245,935,4681,4681,30.43,pro-1-250422111719.jpg,CROCIN SYP                    ,Ethical,GSK,31.03,39.64,21.72% OFF,PIECE,,66,,,27
246,947,9323,9323,291.66,pro-1-210422031824.jpg,DECA DURABOLIN 50MG           ,Ethical,ORGANON INDIA LTD,297.48,410.00,27.44% OFF,PIECE,,19,,,27
247,961,9325,9325,5.14,pro-1-210422032338.jpg,DEXONA TAB                    ,Ethical,Zydus Cadila,5.24,7.05,25.67% OFF,Strip,,1945,,,27
248,963,4676,4676,68.09,pro-1-210422032422.jfif,DEXORANGE PAED SYP            ,Ethical,FRANCO INDIAN PHARMACEUTIALS,69.44,88.50,21.54% OFF,PIECE,,57,,,27
249,983,9328,9328,145.45,pro-1-210422040115.jfif,DOLONEX 20 D/TAB              ,Ethical,PFIZER,148.36,215.82,31.26% OFF,Strip,,103,,,27
250,991,4564,4564,147.62,pro-1-210422040453.jpg,DUOLIN R/C                    ,Ethical,Cipla,150.57,197.13,23.62% OFF,PIECE,,14,,,27
251,1006,4701,4701,118.76,pro-1-210422041020.jpg,ELTROXIN 100                  ,Ethical,GSK,121.13,158.59,23.62% OFF,Strip,,117,,,27
252,1008,4706,4706,79.85,pro-1-210422041101.jpg,ELTROXIN-50 MG                ,Ethical,GSK,81.45,106.63,23.61% OFF,Dibbi,,75,,,27
253,1029,9329,9329,15.73,pro-1-220422094118.webp,EVION 200                     ,Ethical,Procter & Gamble Health Ltd.,16.03,21.00,23.67% OFF,Strip,,60,,,27
254,1033,4709,4709,129.02,pro-1-180622060712.jpg,FEFOL-Z CAP                   ,Ethical,ALKA PHARMACEUTIALS,131.59,172.30,23.63% OFF,Strip,,26,,,27
255,1039,3968,3968,43.64,pro-1-220422100126.jpg,FORACORT 0.5 RESP             ,Ethical,Cipla,44.50,72.84,38.91% OFF,PIECE,,505,,,27
256,1046,5424,5424,68.04,pro-1-220422102907.jpg,FORECOX TAB                   ,Ethical,MACLEODS PHARACEUTICALS,69.40,90.86,23.62% OFF,Strip,,56,,,27
257,1054,9340,9340,91.15,pro-1-220422103942.jpg,GELUSIL MPS SYP               ,Ethical,PFIZER,92.97,139.13,33.18% OFF,PIECE,,108,,,27
258,1062,5420,5420,136.07,pro-1-220422105058.jpg,GLIZID M TAB                  ,Ethical,Mankind,138.78,181.70,23.62% OFF,Strip,,116,,,27
259,1085,9357,9357,186.16,pro-1-220422112413.jpg,HEPAMERZ TAB                  ,Ethical,WIN MEDICARE,189.88,243.00,21.86% OFF,Strip,,48,,,27
260,1086,9359,9359,159.35,pro-1-220422112521.jpg,HEPATOGLOBINE SYP             ,Ethical,REPTAKOS BRETT & CO LTD,162.53,228.00,28.71% OFF,PIECE,,86,,,27
261,1097,3920,3920,33.64,pro-1-220422115559.jpg,IBUGESIC PLUS 100ML           ,Ethical,Cipla,34.31,49.91,31.26% OFF,PIECE,,140,,,27
262,1098,3923,3923,26.59,pro-1-220422115724.jpg,IBUGESIC PLUS SUP 60ML        ,Ethical,Cipla,27.11,39.44,31.26% OFF,PIECE,,78,,,27
263,1117,9370,9370,101.84,pro-1-180622053904.jpg,KEFLOR DROP                   ,Ethical,Sun Pharma,103.88,124.00,16.23% OFF,PIECE,,66,,,27
264,1118,9371,9371,148.27,pro-1-220422123654.jfif,KEFLOR SYP                    ,Ethical,Sun Pharma,151.24,198.00,23.62% OFF,PIECE,,24,,,27
265,1133,4750,4750,101.97,pro-1-220422124918.jpg,LARINATE INJ                  ,Ethical,IPCA Laborateries,104.01,453.91,77.09% OFF,PIECE,,120,,,27
266,1135,6405,6405,43.7,pro-1-220422125052.jpg,LASILACTONE-50MG              ,Ethical,SANOFI,44.56,58.94,24.40% OFF,Strip,,228,,,27
267,1155,6400,6400,65.37,pro-1-220422020510.jpg,LIVOGEN Z TAB,Ethical,Procter & Gamble Health Ltd.,66.68,87.30,23.62% OFF,Strip,,140,,,27
268,1165,9381,9381,190.39,pro-1-220422021321.jpg,LOSAR-H                       ,Ethical,Torrent,194.20,254.25,23.62% OFF,Strip,,53,,,27
269,1179,4746,4746,116.48,pro-1-140822033117.jpg,MAG MAG                      ,Ethical,ABHI NATURAL PRODUCTS PVT LTD,118.81,162.00,26.66% OFF,PIECE,,55,,,27
270,1180,5335,5335,53.77,pro-1-220422022453.jpg,MALIRID DS TAB                ,Ethical,IPCA Laborateries,54.85,71.80,23.61% OFF,Strip,,40,,,27
271,1185,4358,4358,33.7,pro-1-220422023126.jpg,MEFTAL SPAS TAB               ,Ethical,Blue Cross Laboratories pvt ltd.,34.37,50.00,31.26% OFF,Box,,190,,,27
272,1191,4624,4624,55.8,pro-1-220422023622.jpg,METHERGIN INJ                 ,Ethical,NOVARTIS India ltd.,56.91,74.50,23.61% OFF,PIECE,,84,,,27
273,1201,9392,9392,176.73,pro-1-220422025141.jfif,MOBIZOX TAB                   ,Ethical,Sun Pharma,180.25,236.00,23.62% OFF,Strip,,37,,,27
274,1207,4640,4640,22.39,pro-1-220422025844.jpg,MOSI-D ED                    ,Ethical,F.D.C,22.84,29.90,23.61% OFF,PIECE,,15,,,27
275,1218,9513,9513,165.48,pro-1-220422030654.jpg,MUCAINE GEL MINT,Ethical,PFIZER,168.78,221.00,23.63% OFF,PIECE,,60,,,27
276,1221,4635,4635,72.79,pro-1-220422123822.jpg,MYCODERM C POW,Ethical,F.D.C,74.25,108.00,31.25% OFF,PIECE,,75,,,27
277,1228,6401,6401,68.02,pro-1-220422124121.webp,NASIVION ADULT CLASSIC        ,Ethical,Procter & Gamble Health Ltd.,69.37,99.10,30% OFF,PIECE,,124,,,27
278,1236,9396,9396,80.88,pro-1-220422124455.jpg,NEOPEPTINE DROP               ,Ethical,REPTAKOS BRETT & CO LTD,82.49,108.00,23.62% OFF,PIECE,,90,,,27
279,1240,9397,9397,29.35,pro-1-220422124620.jpg,NEUROBION FORT TAB            ,Ethical,MERCK,29.93,38.10,21.44% OFF,Strip,,1337,,,27
280,1244,4420,4420,132.77,pro-1-220422124719.jpg,NEW LIVFIT SYP                ,Ethical,BRITISH BIOLOGICAL LTD,135.42,197.00,31.26% OFF,PIECE,,36,,,27
281,1245,4418,4418,50.81,pro-1-230622094504.jpg,NEW LIVFIT TAB                ,Ethical,BRITISH BIOLOGICAL LTD,51.83,75.00,30.89% OFF,Strip,,74,,,27
282,1258,4506,4506,37.81,pro-1-220422125056.jpg,NUTROLIN-B PLUS CAP           ,Ethical,Cipla,38.57,55.55,30.57% OFF,Strip,,83,,,27
283,1270,4629,4629,42.93,pro-1-220422125402.jpg,OMEZ 20MG                     ,Ethical,Dr.Reddy,43.78,57.30,23.60% OFF,Strip,,59,,,27
284,1275,5358,5358,8.61,pro-1-220422125656.jpeg,OPTINEURON INJ                ,Ethical,Lupin,8.78,11.50,23.65% OFF,PIECE,,150,,50,27
285,1283,4684,4684,75.4,pro-1-180622051407.jpg,OTRIVIN FAST RELIEF           ,Ethical,GSK,76.91,96.80,20.55% OFF,PIECE,,111,,,27
286,1284,4683,4683,37.23,pro-1-220422125957.jpg,OTRIVIN PAED N/SPRAY          ,Ethical,GSK,37.97,48.83,22.24% OFF,PIECE,,141,,,27
287,1285,9425,9425,212.65,pro-1-220422010013.jpg,OVRAL-G TAB                   ,Ethical,PFIZER,216.90,284.00,23.63% OFF,Strip,,48,,,27
288,1286,9427,9427,64.16,pro-1-250422121213.jpg,OXALGIN D.P.TAB               ,Ethical,Zydus Cadila,65.44,122.40,46.54% OFF,Strip,,55,,,27
289,1288,5336,5336,18.77,pro-1-220422044446.jpg,PACIMOL 650 TAB               ,Ethical,IPCA Laborateries,19.14,30.07,36.35% OFF,Strip,,346,,,27
290,1305,4656,4656,41.11,pro-1-180622045047.jpg,PEPCIA D CAPS                 ,Ethical,F.D.C,41.93,61.00,31.26% OFF,Strip,,12,,,27
291,1307,4753,4753,21.89,pro-1-220422012955.jpg,PERINORM 20ML VIAL            ,Ethical,IPCA Laborateries,22.33,32.48,31.25% OFF,PIECE,,25,,,27
292,1308,4755,4755,19.92,pro-1-220422013012.jpg,PERINORM 2ML                  ,Ethical,IPCA Laborateries,20.32,26.65,23.75% OFF,Dibbi,,189,,,27
293,1309,4757,4757,22.65,pro-1-180622044725.jpg,PERINORM SYP                  ,Ethical,IPCA Laborateries,23.09,30.24,23.64% OFF,PIECE,,40,,,27
294,1310,4759,4759,10.07,pro-1-220422013056.jpg,PERINORM TAB                  ,Ethical,IPCA Laborateries,10.26,13.44,23.66% OFF,Strip,,48,,,27
295,1326,9430,9430,122.74,pro-1-220422093025.jfif,POLYBION CZS TAB              ,Ethical,Procter & Gamble Health Ltd.,125.19,184.40,32.11% OFF,Strip,,87,,,27
296,1332,9433,9433,37.92,pro-1-220422120115.jpg,PRIMOLUT N TAB                ,Ethical,Zydus Cadila,38.67,53.87,28.22% OFF,Strip,,121,,,27
297,1341,5356,5356,93.61,pro-1-220422120418.jpg,PYRIDIUM 200 TAB              ,Ethical,MENARINI INDIA PVT LTD,95.47,125.00,23.62% OFF,Strip,,74,,,27
298,1356,5360,5360,112.41,pro-1-230622095728.jfif,RABLET 20                     ,Ethical,Lupin,114.65,172.60,33.57% OFF,Strip,,15,,,27
299,1369,5423,5423,90.98,pro-1-220422122415.jpg,RHE-FD TAB                    ,Ethical,MACLEODS PHARACEUTICALS,92.79,121.50,23.63% OFF,Strip,,61,,,27
300,1392,9449,9449,19.36,pro-1-230622094948.png,SEPTRAN SYP                   ,Ethical,GSK,19.75,24.86,20.56% OFF,PIECE,,86,,,27
301,1406,9450,9450,102.33,pro-1-220422123531.jpg,SKINLITE CREAM 15GM           ,Ethical,Zydus Cadila,104.38,163.99,36.35% OFF,PIECE,,66,,,27
302,1441,4685,4685,72.8,pro-1-250422114445.webp,T-MINIC DROP                  ,Ethical,GSK,74.26,93.17,20.30% OFF,PIECE,,215,,,27
303,1442,4686,4686,78,pro-1-210422044334.jpg,T-MINIC SYP                   ,Ethical,GSK,79.56,99.82,20.30% OFF,PIECE,,51,,,27
304,1451,6390,6390,12.92,pro-1-210422044702.jpg,THEO ASTHALIN TAB             ,Ethical,Cipla,13.18,17.25,23.59% OFF,Strip,,180,,,27
305,1453,9473,9473,127.21,pro-1-141122121142.jpg,THROMBOPHOB 20GM              ,Ethical,ZYDUS HEALTHCARE,129.75,188.75,31.26% OFF,PIECE,,39,,,27
306,1454,5425,5425,92.58,pro-1-230622095514.jpg,THYROX-50TAB                  ,Ethical,MACLEODS PHARACEUTICALS,94.43,123.64,23.63% OFF,Dibbi,,45,,,27
307,1464,9474,9474,180.35,pro-1-210422045609.webp,TRINERGIC L                   ,Ethical,Torrent,183.96,240.85,23.62% OFF,Strip,,16,,,27
308,1490,4667,4667,65.49,pro-1-210422050741.jpg,VITCOFOL INJ                  ,Ethical,F.D.C,66.80,87.45,23.61% OFF,PIECE,,25,,,27
309,1491,4668,4668,101.1,pro-1-210422050758.jpg,VITCOFOL SYP                  ,Ethical,F.D.C,103.11,135.00,23.62% OFF,PIECE,,16,,,27
310,1506,4625,4625,15.28,pro-1-210422051329.jpg,VOVERAN D TABS                ,Ethical,NOVARTIS India ltd.,15.58,20.40,23.63% OFF,Strip,,76,,,27
311,1509,4626,4626,142.18,pro-1-210422051430.jpg,VOVERAN SR 100MG              ,Ethical,NOVARTIS India ltd.,145.02,196.75,26.29% OFF,Strip,,109,,,27
312,1511,9496,9496,43.63,pro-1-210422051609.jpg,WALAMYCIN SYP                 ,Ethical,WALLACE PHARMACEUTIALS,44.49,51.95,14.36% OFF,PIECE,,31,,,27
313,1515,6398,6398,13.68,pro-1-210422051750.jpg,WYSOLONE TAB 10MG             ,Ethical,PFIZER,13.94,17.81,21.73% OFF,Strip,,308,,,27
314,1516,6399,6399,7.81,pro-1-210422051807.jpg,WYSOLONE TAB 5MG              ,Ethical,PFIZER,7.96,10.16,21.65% OFF,Strip,,80,,,27
315,1522,4638,4638,72.62,pro-1-210422052102.jpg,ZATHRIN 250 MG TAB            ,Ethical,F.D.C,74.06,116.36,36.35% OFF,Strip,,60,,,27
316,1525,4628,4628,108.81,pro-1-210422052158.jpg,ZEDEX SYP                     ,Ethical,WOCKHARDT LTD,110.98,158.50,29.98% OFF,PIECE,,31,,,27
317,1527,4641,4641,134.12,pro-1-210422052232.jpg,ZEFU 250 TAB                  ,Ethical,F.D.C,136.80,199.00,31.26% OFF,Strip,,26,,,27
318,1529,4645,4645,118.5,pro-1-180622033449.jpg,ZEFU SYP                      ,Ethical,F.D.C,120.87,158.20,23.60% OFF,Strip,,14,,,27
319,1533,5338,5338,88.59,pro-1-210422052408.webp,ZERODOL SP TAB                ,Ethical,IPCA Laborateries,90.35,118.30,23.63% OFF,Strip,,200,,,27
320,1538,4659,4659,40.37,pro-1-210422052540.jpg,ZIFI 50 DT                    ,Ethical,F.D.C,41.17,53.90,23.62% OFF,Strip,,22,,,27
321,1539,4660,4660,36.23,pro-1-210422052600.jpeg,ZIFI 50 SUP                   ,Ethical,F.D.C,36.95,53.75,31.26% OFF,PIECE,,58,,,27
322,1542,4662,4662,218.66,pro-1-210422052715.webp,ZIFI CV 200                   ,Ethical,F.D.C,223.03,292.00,23.62% OFF,Strip,,68,,,27
323,1557,4646,4646,22.81,pro-1-210422053337.jpg,ZOCON 100 TAB                 ,Ethical,F.D.C,23.27,30.45,23.58% OFF,Strip,,11,,,27
324,1559,4650,4650,28.95,pro-1-210422053440.jpg,ZOCON 50 TAB                  ,Ethical,F.D.C,29.53,38.65,23.60% OFF,Strip,,21,,,27
325,1560,4651,4651,103.72,pro-1-210422053510.jpg,ZOCON AS KIT TAB              ,Ethical,F.D.C,105.78,138.50,23.62% OFF,Strip,,53,,,27
326,1561,4652,4652,74.13,pro-1-210422053530.jpeg,ZOCON DUSTING PODWER          ,Ethical,F.D.C,75.61,118.80,36.36% OFF,PIECE,,59,,,27
327,1562,4654,4654,56.43,pro-1-220422013330.jpg,ZOCON T KIT                   ,Ethical,F.D.C,57.55,75.35,23.62% OFF,Strip,,15,,,27
328,1573,9509,9509,82.53,pro-1-210422055059.jpg,ZYTEE LOSTION                 ,Ethical,RAPTAKOS BRETT PVT LTD,84.18,116.00,27.43% OFF,PACKET,,291,,,27
329,1584,4359,4359,15.6,pro-1-120522114924.jpg,COLISPAS TAB,Ethical,INDIAN IMMUNOLOGICALS LTD,15.91,53.20,70.09% OFF,Strip,,60,,,27
330,1597,5355,5355,170.65,pro-1-290522012628.png,GLUCONORM G2 FORTE,Ethical,Mankind,174.05,227.20,23.39% OFF,Strip,,28,,,27
331,1598,9358,9358,89.86,pro-1-290522013925.png,HEPANEED SYP,Ethical,Mankind,91.65,144.00,36.35% OFF,PIECE,,30,,,27
332,1600,9407,9407,45.37,pro-1-290522014642.png,NUCORT M 40 INJECTION,Ethical,Mankind,46.28,60.59,23.62% OFF,PIECE,,11,,,27
333,1602,5431,5431,35.28,pro-1-180622032122.jpg,SENSICLAV BD DRY,Ethical,MACLEODS PHARACEUTICALS,35.98,56.09,35.85% OFF,PIECE,,20,,,27
334,1650,5411,5411,74.82,pro-1-250622091324.jpg,DYNAGLIPT M TAB,Ethical,Mankind,76.32,119.90,36.35% OFF,Strip,,115,,,27
335,1657,4543,4543,43.79,pro-1-270622012251.jpg,DALCINEX INJ 2 ML,Ethical,Cipla,44.67,159.57,72.01% OFF,PIECE,,30,,,27
336,1670,4307,4307,93.18,pro-1-270622014054.jpg,MOXICIP IV 100ML,Ethical,Cipla,95.03,406.27,76.61% OFF,PIECE,,25,,,27
337,1702,4616,4616,89.35,pro-1-270622022008.jpg,TERBICIP CREAM 10GM,Ethical,Cipla,91.13,119.31,23.62% OFF,PIECE,,19,,,27
338,1779,4401,4401,129.25,pro-1-270622040557.jpg,LEVEPSY 750 TABLET,Ethical,Cipla,131.83,172.60,23.62% OFF,Strip,,19,,,27
339,1780,4300,4300,33.38,pro-1-270622040652.jpg,LEVEPSY INJ 5ML,Ethical,Cipla,34.04,114.96,70.39% OFF,PIECE,,30,,,27
340,1816,4284,4284,38.01,pro-1-270622044846.jpg,VALTEC CR 300 TAB,Ethical,Cipla,38.77,60.92,36.36% OFF,Strip,,47,,,27
341,1817,3815,3815,44.94,pro-1-270622045028.jpg,VENLOR 37.5 XR,Ethical,Cipla,45.84,60.02,23.63% OFF,Strip,,12,,,27
342,1820,3814,3814,89.58,pro-1-270622045257.jpg,VENLOR -XR75CAP,Ethical,Cipla,91.36,122.24,25.26% OFF,Strip,,19,,,27
343,1845,4493,4493,55.1,pro-1-270622054333.jpg,ATORLIP 10 TABLETS,Ethical,Cipla,56.20,73.58,23.62% OFF,Strip,,70,,,27
344,1859,4293,4293,51.83,pro-1-270622060005.jpg,OXCARB 150,Ethical,Cipla,52.86,69.21,23.62% OFF,Strip,,13,,,27
345,1890,3944,3944,30.92,pro-1-270622065828.jpg,AZEE 100 NEW SYRUP 15ML,Ethical,Cipla,31.53,45.88,31.28% OFF,PIECE,,20,,,27
346,1898,3885,3885,138.9,pro-1-270622072742.jpg,CEFOPROX 100 30ML(60,Ethical,Cipla,141.67,206.09,31.26% OFF,PIECE,,34,,,27
347,1900,3880,3880,74.61,pro-1-270622073006.jpg,CEFOPROX 50 30ml,Ethical,Cipla,76.10,110.71,31.26% OFF,PIECE,,42,,,27
348,1907,3873,3873,23.49,pro-1-270622074426.jpg,EMESET SYRUP,Ethical,Cipla,23.95,37.63,36.35% OFF,PIECE,,37,,,27
349,1925,3863,3863,87.31,pro-1-270622082031.jpg,MONTAIR LC KID TAB 1,Ethical,Cipla,89.05,129.55,31.26% OFF,Strip,,14,,,27
350,1947,4549,4549,78.38,pro-1-280622091923.jpg,AEROCORT FORTE ROTACAPS,Ethical,Cipla,79.95,104.67,23.62% OFF,Dibbi,,67,,,27
351,1948,3868,3868,184.42,pro-1-180722082831.jpg,MONTAIR 10 (15s),Ethical,Cipla,188.10,246.28,23.62% OFF,Strip,,15,,,27
352,1974,4398,4398,103.1,pro-1-280622101421.png,PANSEC-L CAPSULES,Ethical,Cipla,105.16,152.98,31.26% OFF,Strip,,19,,,27
353,1983,3871,3871,121.8,pro-1-280622105327.jpg,JUNIOR LANZOL 15,Ethical,Cipla,124.23,162.65,23.62% OFF,Strip,,12,,,27
354,2006,6389,6389,14.33,pro-1-280622113620.jpg,THEO ASTHALIN FORTE 20 TABLETS,Ethical,Cipla,14.62,19.14,23.62% OFF,Strip,,49,,,27
355,2039,4445,4445,108.73,pro-1-280622125304.jpg,CRESAR CT 80 TABLETS,Ethical,Cipla,110.89,145.20,23.63% OFF,Strip,,56,,,27
356,2065,4476,4476,53.28,pro-1-190722023013.jpg,METOLAR XR 12.5 CAP,Ethical,Cipla,54.35,79.05,31.25% OFF,Strip,,15,,,27
357,2071,4461,4461,181.71,pro-1-280622031723.jpg,CRESAR H TABLETS,Ethical,Cipla,185.34,242.66,23.62% OFF,Strip,,29,,,27
358,2183,4539,4539,44.35,pro-1-300622060751.jpg,FLOHALE 0.5 MG. RESP,Ethical,Cipla,45.23,59.22,23.62% OFF,PIECE,,160,,,27
359,2184,4538,4538,78.38,pro-1-300622061327.jpg,FLOHALE 2 MG. RESPUL,Ethical,Cipla,79.95,104.67,23.62% OFF,PIECE,,50,,,27
360,2192,4524,4524,4.89,pro-1-300622063416.jpg,LEVOLIN 0.63MG RESP,Ethical,Cipla,4.98,6.51,23.50% OFF,PIECE,,1015,,40,27
361,2193,4523,4523,6.22,pro-1-300622063547.jpg,LEVOLIN 1.25MG RESP,Ethical,Cipla,6.34,8.30,23.61% OFF,PIECE,,200,,40,27
362,2197,4528,4528,129.57,pro-1-300622064404.jpg,FULLFORM 200 ROTACAP,Ethical,Cipla,132.15,173.03,23.63% OFF,PIECE,,18,,,27
363,2200,4548,4548,114.05,pro-1-300622064806.jpeg,ADVENT 625 TABLETS 10S,Ethical,Cipla,116.33,182.78,36.36% OFF,Strip,,12,,,27
364,2205,4526,4526,359.05,pro-1-300622070130.jpg,FURAMIST AZ NASAL SP,Ethical,Cipla,366.23,479.50,23.62% OFF,PIECE,,11,,,27
365,2207,3910,3910,60.29,pro-1-300622070315.jpg,LEVORID TAB,Ethical,Cipla,61.50,80.52,23.62% OFF,Strip,,30,,,27
366,2233,4540,4540,439.37,pro-1-300622074828.jpg,DUOVA ROTACAPS,Ethical,Cipla,448.15,586.75,23.62% OFF,PIECE,,16,,,27
367,2236,4522,4522,25.15,pro-1-300622075106.jpg,LEVOLIN R/CAP,Ethical,Cipla,25.65,33.58,23.62% OFF,PIECE,,28,,,27
368,2241,4521,4521,410.56,pro-1-300622075728.jpg,MAXIFLO FORTE R/C,Ethical,Cipla,418.77,548.29,23.62% OFF,Dibbi,,12,,,27
369,2242,4519,4519,241.75,pro-1-300622075853.jpg,MUCINAC 600 TABLETS,Ethical,Cipla,246.58,322.82,23.62% OFF,Strip,,41,,,27
370,2244,3818,3818,223.1,pro-1-300622080354.jpg,REVOLIZER,Ethical,Cipla,227.55,297.93,23.62% OFF,PIECE,,14,,,27
371,2269,4563,4563,280.99,pro-1-270822045018.jpg,DUOLIN INHALER OF,Ethical,Cipla,286.60,375.24,23.62% OFF,PIECE,,16,,,27
372,2285,3908,3908,251.93,pro-1-010722124148.jpg,MONTAIR LC TAB,Ethical,Cipla,256.96,336.44,23.62% OFF,Strip,,67,,,27
373,2301,4422,4422,173.22,pro-1-010722012410.jpg,ENDOGEST - 200 SR TA,Ethical,Cipla,176.68,403.23,56.18% OFF,Strip,,18,,,27
374,2330,682,682,35,pro-1-010722024921.jpg,ALERID COLD TAB,Ethical,Cipla,35.70,65.50,45.50% OFF,Strip,,20,,,2
375,2341,3931,3931,13.42,pro-1-010722025953.jpg,ASTHALIN SYRUP [ 100,Ethical,Cipla,13.69,17.92,23.60% OFF,PIECE,,128,,,27
376,2351,3846,3846,33.05,pro-1-010722031548.jpg,CIPLACTIN TAB 15S,Ethical,Cipla,33.71,49.03,31.25% OFF,Strip,,35,,,27
377,2358,4409,4409,87.16,pro-1-010722032453.jpg,CIPLOX OZ TABS,Ethical,Cipla,88.89,116.38,23.62% OFF,Strip,,17,,,27
378,2359,9594,9594,16,pro-1-010722032531.jpeg,CIPLOX-250MG,Ethical,Cipla,16.32,21.95,25.65% OFF,Strip,1,200,,,2
379,2371,4604,4604,89.89,pro-1-010722033902.jpg,NADIBACT PLUS CREAM,Ethical,Cipla,91.69,120.05,23.62% OFF,PIECE,,23,,,27
380,2427,4353,4353,4.92,pro-1-010722050451.jpg,EMESET 2 ML,Ethical,Cipla,5.02,11.91,57.85% OFF,PIECE,,600,,,27
381,2428,4352,4352,10.7,pro-1-010722050534.jpg,EMESET 4 ML,Ethical,Cipla,10.90,23.83,54.26% OFF,PIECE,,240,,,27
382,2447,4297,4297,66.33,pro-1-010722053610.jpg,OFLOX 200 TAB (10S),Ethical,Cipla,67.65,88.57,23.62% OFF,Strip,,24,,,27
383,2477,4511,4511,40.34,pro-1-010722064925.jpg,AMLOPRES 10MG TAB,Ethical,Cipla,41.15,53.87,23.61% OFF,Strip,,50,,,27
384,2478,683,683,22.5,pro-1-010722065115.jpg,AMLOPRES 2.5 TAB,Ethical,Cipla,22.95,30.03,23.58% OFF,Strip,,20,,,2
385,2482,523,523,108.03,pro-1-010722065552.jpg,AMLOPRES-AT,Ethical,Cipla,110.19,163.44,32.58% OFF,Dibbi,,60,,,2
386,2486,6395,6395,47.6,pro-1-010722070043.jpg,AZEE - 500 TABS,Ethical,Cipla,48.54,70.62,31.27% OFF,Strip,,122,,,27
387,2501,4507,4507,629.28,pro-1-010722082729.jpg,FAROBACT 200,Ethical,Cipla,641.86,1050.46,38.90% OFF,Strip,,22,,,27
388,2505,4298,4298,40.34,pro-1-010722083304.jpg,LEVOFLOX 750 TAB 5S,Ethical,Cipla,41.15,59.86,31.26% OFF,Strip,,22,,,27
389,2520,4395,4395,172.66,pro-1-030722010003.jpg,RABICIP - L CAPSULES,Ethical,Cipla,176.11,230.58,23.62% OFF,Strip,,19,,,27
390,2523,4505,4505,100.46,pro-1-030722010256.jpg,RABICIP 20 15S,Ethical,Cipla,102.46,160.98,36.35% OFF,Strip,,38,,,27
391,2598,4610,4610,161.16,pro-1-040722121809.jpg,FINCAR,Ethical,Cipla,164.37,215.21,23.62% OFF,Strip,,14,,,27
392,2617,3895,3895,205.85,pro-1-040722123546.jpg,URIMAX 0.4,Ethical,Cipla,209.96,305.44,31.26% OFF,Dibbi,,14,,,27
393,2620,3892,3892,413.36,pro-1-040722042906.jpg,URIMAX D,Ethical,Cipla,421.62,552.02,23.62% OFF,Strip,,26,,,27
394,2622,3890,3890,368.9,pro-1-040722042957.jpg,URIMAX F CAPSULES,Ethical,Cipla,376.27,492.65,23.62% OFF,Strip,,31,,,27
395,2636,4454,4454,100.69,pro-1-040722050228.jpg,SOTALAR 40,Ethical,Cipla,102.70,134.46,23.62% OFF,Strip,,17,,,27
396,2642,4492,4492,185.56,pro-1-040722050721.jpg,ATORLIP 20 NEW 1*15,Ethical,Cipla,189.26,247.80,23.62% OFF,Strip,,14,,,27
397,2649,4466,4466,45.21,pro-1-040722051608.jpg,CARLOC 3.125MG,Ethical,Cipla,46.11,60.37,23.62% OFF,Strip,,50,,,27
398,2651,4484,4484,73.56,pro-1-040722051655.jpg,DYTOR PLUS 10,Ethical,Cipla,75.03,98.23,23.62% OFF,Strip,,171,,,27
399,2653,4483,4483,87.16,pro-1-040722051757.jpg,DYTOR PLUS 20,Ethical,Cipla,88.89,116.38,23.62% OFF,Strip,,20,,,27
400,2659,4478,4478,121.69,pro-1-040722052252.jpg,METOLAR AM 50MG TAB,Ethical,Cipla,124.12,162.51,23.62% OFF,Strip,,21,,,27
401,2661,4475,4475,50.6,pro-1-040722052537.jpg,METOLAR XR 25 CAP,Ethical,Cipla,51.61,75.09,31.27% OFF,Strip,,76,,,27
402,2664,4474,4474,72.48,pro-1-270822020916.jfif,METOLAR XR 50 CAP,Ethical,Cipla,73.92,107.53,31.26% OFF,Strip,,84,,,27
403,2678,8472,8472,36,pro-1-040722055930.jpg,CIPLAR 40,Ethical,Cipla,36.72,48.21,23.83% OFF,Strip,,20,,,2
404,2679,4489,4489,42.5,pro-1-040722060005.jpg,CIPLAR LA 20,Ethical,Cipla,43.34,56.74,23.62% OFF,Strip,,22,,,27
405,2680,9528,9528,80,pro-1-040722060024.jpg,CIPLAR LA 40,Ethical,Cipla,81.60,108.69,24.92% OFF,Strip,,100,,,2
406,2688,5462,5462,64.67,pro-1-040722060614.jpg,CLOPIVAS AP 150TAB,Ethical,Cipla,65.96,86.37,23.63% OFF,Strip,,35,,,27
407,2701,4570,4570,42.75,pro-1-040722061948.jpg,RAMIPRES 1.25 TAB,Ethical,Cipla,43.61,57.09,23.61% OFF,Strip,,14,,,27
408,2707,4291,4291,218.81,pro-1-040722062046.jpg,ROSULIP 10 TAB,Ethical,Cipla,223.19,292.21,23.62% OFF,Strip,,16,,,27
409,2708,4290,4290,211.79,pro-1-040722062110.jpg,ROSULIP 20 TAB,Ethical,Cipla,216.02,282.83,23.62% OFF,Strip,,20,,,27
410,2716,4451,4451,87.31,pro-1-040722062646.jpg,WARF 3 TAB,Ethical,Cipla,89.05,116.59,23.62% OFF,Strip,,18,,,27
411,2724,4449,4449,43.28,pro-1-040722063005.jpg,CRESAR 20,Ethical,Cipla,44.14,57.79,23.62% OFF,Strip,,33,,,27
412,2725,4448,4448,75.86,pro-1-040722063028.jpg,CRESAR 40 TAB,Ethical,Cipla,77.37,101.30,23.62% OFF,Strip,,73,,,27
413,2729,4447,4447,91.34,pro-1-040722063205.jpg,CRESAR AM TAB,Ethical,Cipla,93.16,121.97,23.62% OFF,Strip,,55,,,27
414,2732,4460,4460,63.58,pro-1-040722063315.jpg,DYTOR 10 TAB,Ethical,Cipla,64.84,84.90,23.63% OFF,Strip,,137,,,27
415,2734,4459,4459,314.64,pro-1-040722063401.jpg,DYTOR 100 TABS,Ethical,Cipla,320.93,420.18,23.62% OFF,Strip,,17,,,27
416,2735,4458,4458,138.07,pro-1-040722063430.jpg,DYTOR 20 TAB,Ethical,Cipla,140.82,184.38,23.63% OFF,Strip,,50,,,27
417,2738,4456,4456,48.83,pro-1-270822124912.jpg,DYTOR 5 TABLETS 15S,Ethical,Cipla,49.81,65.21,23.62% OFF,Strip,,96,,,27
418,2739,4303,4303,16.44,pro-1-040722063616.jpg,DYTOR INJ 2ML,Ethical,Cipla,16.77,21.95,23.60% OFF,PIECE,,80,,,27
419,2742,4439,4439,176.06,pro-1-040722064254.jpg,FENOLIP 145 TABLETS,Ethical,Cipla,179.58,235.12,23.62% OFF,Strip,,53,,,27
420,2745,6386,6386,49.79,pro-1-040722064753.jpg,NEBICIP 2.5,Ethical,Cipla,50.78,67.85,25.16% OFF,Strip,,55,,,27
421,2746,6387,6387,72.07,pro-1-040722064458.jpg,NEBICIP 5,Ethical,Cipla,73.51,98.20,25.14% OFF,Strip,,25,,,27
422,2752,4288,4288,206.1,pro-1-040722065337.jpg,ROSULIP-F 10 TAB,Ethical,Cipla,210.22,275.24,23.62% OFF,Strip,,16,,,27
423,2756,4438,4438,160.39,pro-1-040722065756.jpg,TRIEXER 2,Ethical,Cipla,163.59,214.19,23.62% OFF,Strip,,14,,,27
424,2766,4388,4388,109.64,pro-1-040722070346.jpg,ACIVIR CREAM,Ethical,Cipla,111.82,146.41,23.63% OFF,PIECE,,19,,,27
425,2768,4283,4283,57.86,pro-1-040722070911.jpg,VALTEC 500 CR TAB.,Ethical,Cipla,59.02,92.73,36.35% OFF,Strip,,65,,,27
426,2804,5464,5464,65.66,pro-1-050722014319.jpg,WARF 5 TABLETS,Ethical,Cipla,66.97,87.69,23.63% OFF,Strip,,24,,,27
427,2808,860,860,55,pro-1-050722014901.jpg,AMLOPRES 5MG TAB,Ethical,Cipla,56.10,74.92,25.12% OFF,Strip,,100,,,2
428,2809,4473,4473,108.1,pro-1-050722015005.jpg,PYLOKIT AC KIT,Ethical,Cipla,110.25,173.25,36.36% OFF,Strip,,21,,,27
429,2834,5457,5457,345.6,pro-1-050722023236.jpg,SILOFAST D8 TABLETS IP,Ethical,Cipla,352.51,461.54,23.62% OFF,Dibbi,,22,,,27
430,2835,4403,4403,106.26,pro-1-050722024003.jpg,FEXIGRA SUSPENSION  100 ML IP,Ethical,Cipla,108.38,141.90,23.62% OFF,PIECE,,12,,,27
431,2867,5446,5446,187.56,pro-1-050722050956.jpeg,MONTAIR AB TABLET,Ethical,Cipla,191.31,250.47,23.62% OFF,Strip,,18,,,27
432,2899,4433,4433,104.95,pro-1-050722071840.jpg,NEW CDENSE  TABLETS,Ethical,Cipla,107.05,175.20,38.90% OFF,Strip,,36,,,27
433,2930,4482,4482,59.2,pro-1-070722034742.jpg,DYTOR PLUS 5,Ethical,Cipla,60.38,79.05,23.62% OFF,Strip,,136,,,27
434,2946,4471,4471,65.78,pro-1-070722051139.jpg,ASTHALIN DX,Ethical,Cipla,67.10,87.84,23.61% OFF,PIECE,,31,,,27
435,2978,9481,9481,24.03,pro-1-070722070127.jpg,URIKIND KM SAC,Ethical,Mankind,24.51,35.00,29.97% OFF,PIECE,,114,,,27
436,2993,5379,5379,317.49,pro-1-090722050155.jpeg,PLATIMAX TAB,Ethical,MACLEODS PHARACEUTICALS,323.84,424.00,23.62% OFF,Strip,,17,,,27
437,3079,4437,4437,129.11,pro-1-120722012454.jpg,VYSOV M 50/500 MG TABLETS,Ethical,Cipla,131.69,172.42,23.62% OFF,Strip,,25,,,27
438,3086,6394,6394,130.47,pro-1-120722013316.jpg,EXERMET GM 502 TABLE,Ethical,Cipla,133.08,174.24,23.62% OFF,Strip,,19,,,27
439,3096,4443,4443,24.57,pro-1-260822060454.jpg,EXERMET 500 SR TABS,Ethical,Cipla,25.06,32.80,23.60% OFF,Strip,,70,,,27
440,3131,4299,4299,59.26,pro-1-120722031053.jpg,LEVOFLOX 500 MG TABLETS,Ethical,Cipla,60.44,87.92,31.26% OFF,Strip,,13,,,27
441,3150,4442,4442,55.31,pro-1-120722045514.jpeg,EXERMET 850 SR TABS,Ethical,Cipla,56.41,73.86,23.63% OFF,Strip,,40,,,27
442,3152,861,861,128,pro-1-120722045746.jpg,BILAFAV M TAB,Ethical,Cipla,130.56,176.00,25.82% OFF,Strip,,50,,,2
443,3160,4428,4428,262.05,pro-1-120722052312.jpg,DANOGEN 100 CAPSULES,Ethical,Cipla,267.29,349.96,23.62% OFF,Strip,,12,,,27
444,3179,4525,4525,414.92,pro-1-120722061120.png,GLYCOHALE FB,Ethical,Cipla,423.21,554.10,23.62% OFF,Strip,,34,,,27
445,3234,4350,4350,209.07,pro-1-130722121423.jpg,MEROCRIT 0.5 GM  INJECTION,Ethical,Cipla,213.25,445.50,52.13% OFF,PIECE,,20,,,27
446,3240,5445,5445,97.96,pro-1-130722124750.jpg,TAZACT  4.5GM INJECTION 1 VIAL,Ethical,Cipla,99.92,398.95,74.95% OFF,PIECE,,20,,,27
447,3374,6397,6397,32.49,pro-1-180722115935.jpg,FORCAN 150MG TABLET,Ethical,Cipla,33.14,48.20,31.24% OFF,Strip,,30,,,27
448,3401,3902,3902,157,pro-1-180722125423.jpg,MUCINAC AB TABLET,Ethical,Cipla,160.13,209.65,23.62% OFF,Strip,,16,,,27
449,3402,4286,4286,114.55,pro-1-260822041018.jpg,ROTAHALER,Ethical,Cipla,116.84,152.98,23.62% OFF,PIECE,,28,,,27
450,3443,652,652,33.25,pro-1-200722013130.jpg,MIKACIN 500MG,Ethical,ARISTO,34.58,109.00,68.28% OFF,PIECE,1,608,,8,3
451,3450,735,735,72,pro-1-270722090621.jpg,BROZEET SYP,Ethical,Alembic Pharmaceuticals Ltd,73.44,101.70,27.79% OFF,PIECE,,10,,,2
452,3456,9469,9469,104.39,pro-1-280722070945.jpg,TEXAKIND TAB,Ethical,Mankind,106.47,139.40,23.62% OFF,Strip,,38,,,27
453,3457,4370,4370,19.45,pro-1-290722044504.jpg,MIKACIN 250MG,Ethical,ARISTO,19.84,53.00,62.57% OFF,PIECE,,16,,8,27
454,3459,9293,9293,117.57,pro-1-050822125847.jpg,BRUTAFLAME 120,Ethical,Mankind,119.91,157.00,23.62% OFF,Strip,,24,,,27
455,3461,9373,9373,138.19,pro-1-050822012210.jpg,KETOSTAR LOTION,Ethical,Mankind,140.94,201.30,29.99% OFF,PIECE,,14,,,27
456,3462,9377,9377,28.83,pro-1-050822012605.jpg,LIPIKIND AS,Ethical,Mankind,29.41,38.50,23.61% OFF,Strip,,44,,,27
457,3463,9378,9378,67.32,pro-1-050822012857.jpg,LIPIKIND F,Ethical,Mankind,68.66,89.90,23.63% OFF,Strip,,30,,,27
458,3464,5389,5389,95.4,pro-1-050822021254.jpg,MACTOTAL SYP,Ethical,MACLEODS PHARACEUTICALS,97.30,140.00,30.5% OFF,PIECE,,24,,,27
459,3468,9411,9411,44.93,pro-1-050822062034.jpg,NUROKIND DROP,Ethical,MANKIND PHARMA LTD,45.83,60.00,23.62% OFF,PIECE,,10,,,27
460,3469,5438,5438,102.53,pro-1-050822062251.jpg,OFLOMAC OZ,Ethical,Mankind,104.58,163.00,35.84% OFF,Strip,,20,,,27
461,3472,5430,5430,98.43,pro-1-050822065746.jpg,SENSICLAV DS SYP,Ethical,MACLEODS PHARACEUTICALS,100.40,156.50,35.85% OFF,PIECE,,24,,,27
462,3473,9458,9458,57.44,pro-1-050822070451.jpg,TELMIKIND 80,Ethical,Mankind,58.59,76.70,23.61% OFF,Strip,,42,,,27
463,3474,9467,9467,29.31,pro-1-050822070932.jpg,TEXAKIND INJ,Ethical,MANKIND PHARMA LTD,29.90,48.92,38.88% OFF,PIECE,,106,,4,27
464,3479,9437,9437,71.77,pro-1-280822044607.jpg,RANIDOM MPS,Ethical,Mankind,73.20,115.00,36.35% OFF,PIECE,,20,,,27
465,3490,5439,5439,46.54,pro-1-100922052347.jpg,MYLAMIN,Ethical,MACLEODS PHARACEUTICALS,47.46,62.15,23.64% OFF,Strip,,245,,,27
466,3493,4636,4636,72.39,pro-1-110922065938.jpg,MYCODERM POWDER 150GM,Ethical,ABBOTT,73.83,116.00,36.35% OFF,PIECE,,73,,,27
467,3495,6402,6402,92.87,pro-1-120922080923.jpg,POLYBION ACTIVE,Ethical,MERCK,94.73,135.30,29.99% OFF,PIECE,,50,,,27
468,3498,9426,9426,44.5,pro-1-140922022306.jpg,OVRAL-L TAB,Ethical,PFIZER,45.38,59.40,23.60% OFF,Strip,,75,,,27
469,3503,9484,9484,338.47,pro-1-140922034821.jpg,URISPAS TAB,Ethical,WALTER BUSHNELL,345.24,456.58,24.39% OFF,Strip,,80,,,27
470,3506,4479,4479,67.97,pro-1-150922051453.jpg,METOLAR AM 25MG TAB,Ethical,Cipla,69.33,90.77,23.62% OFF,Strip,,15,,,27
471,3523,1080,1080,37,pro-1-150922075721.jpg,BECOSULES Z CAP,Ethical,PFIZER,37.74,50.55,25.34% OFF,Strip,,5,,,2
472,3575,4391,4391,157.26,pro-1-081022062110.jpg,A TO Z GOLD,Ethical,ALKEM LABORATORIES,160.40,210.00,23.62% OFF,Strip,,13,,,27
473,3595,4723,4723,53.5,pro-1-281022075417.jpg,NEOSPORIN H OIN.,Ethical,ABBOTT,54.57,71.45,23.62% OFF,PIECE,,24,,,27
474,3600,4621,4621,14.68,pro-1-051122052500.jpg,ZINETAC150MG(NEW),Ethical,Charak Pharma Pvt Ltd,14.97,27.29,45.14% OFF,Strip,,1499,,,27
475,3605,5365,5365,235.88,pro-1-101122105542.jpg,LUPI HCG 5000,Ethical,Lupin,240.59,390.90,38.45% OFF,Dibbi,,90,,,27
476,3606,4703,4703,75.98,pro-1-241122041033.jpg,ELTROXIN 125 MG,Ethical,GSK,77.50,101.47,23.62% OFF,Dibbi,,46,,,27
477,3621,2218,2218,1000,pro-1-251222041507.jpg,ACILOC 300 1*30,Ethical,Cadila Pharma,1020.00,1500.00,32% OFF,Box,,4,,,2
478,3628,2447,2447,212,pro-1-281222080350.jpg,ASTHALIN RESPULES 1*40,Ethical,Cipla,216.24,282.80,23.54% OFF,Box,,50,,,2
479,3633,2451,2451,650,pro-1-281222081632.jpg,AVIL 25 1*80,Ethical,SANOFI,663.00,876.80,24.38% OFF,Box,,49,,,2
480,3634,2452,2452,715,pro-1-281222082317.png,AVIL 50 1*80,Ethical,SANOFI,729.30,968.80,24.72% OFF,Box,,5,,,2
481,3637,2454,2454,890,pro-1-291222124834.jpg,BECOSULES CAP 1*25,Ethical,PFIZER,907.80,1255.75,27.71% OFF,Box,,1,,,2
482,3638,2455,2455,300,pro-1-291222124851.jpg,BECOZINC CAP 1*8,Ethical,Dr.Reddy,306.00,454.00,32.60% OFF,Box,,100,,,2
483,3640,2458,2458,225,pro-1-291222124944.jpg,BESTOGESIC KID TAB 1*10,Ethical,INDIAN IMMUNOLOGICALS LTD,229.50,503.20,54.39% OFF,Box,,50,,,2
484,3648,2464,2464,700,pro-1-291222125123.jpg,BETNESOL TAB 1*72,Ethical,GSK,714.00,1015.20,29.67% OFF,Box,,10,,,2
485,3689,2468,2468,740,pro-1-291222125228.jpg,BRUFEN 600MG 1*30              ,Ethical,ABBOTT,754.80,1050.90,28.18% OFF,Box,,200,,,2
486,3723,2442,2442,410,pro-1-281222080018.jpg,ANAFORTAN INJ 2ML 1*20                ,Ethical,ABBOTT,418.20,658.60,36.50% OFF,Box,,100,,,2
487,3735,2453,2453,33,pro-1-291222124820.jpg,BARALGAN NU TAB 1*40               ,Ethical,SANOFI,33.66,48.31,30.32% OFF,Box,,92,,,2
488,3770,2471,2471,28.5,pro-1-291222125314.jpg,BUSCOGAST TAB 1*20                ,Ethical,SANOFI,29.07,36.72,20.83% OFF,Box,,200,,,2
489,3804,2233,2233,320,pro-1-251222041952.jpg,COLDSOL TAB 1*10                 ,Ethical,SYNCHEM LAB,326.40,480.00,32% OFF,Box,,5,,,2
490,3808,2237,2237,1300,pro-1-251222042101.jpg,COMBIFLAM TAB 1*39               ,Ethical,SANOFI,1326.00,1795.95,26.17% OFF,Box,,34,,,2
491,4072,2123,2123,300,pro-1-171222074715.jpg,FORCLO-P TAB,Ethical,INNER HEALTH CARE PVT. LTD.,306.00,600.00,49% OFF,Box,,5,,,25
492,4073,2124,2124,460,pro-1-171222074606.jpg,FORDIC-MR,Ethical,INNER HEALTH CARE PVT. LTD.,469.20,920.00,49% OFF,Box,,5,,,25
493,4074,2125,2125,975,pro-1-171222074451.jpg,ACE-TH TAB,Ethical,INNER HEALTH CARE PVT. LTD.,994.50,1950.00,49% OFF,Box,,5,,,25
494,4075,2126,2126,975,pro-1-171222074400.jpg,TABREX TAB,Ethical,INNER HEALTH CARE PVT. LTD.,994.50,1950.00,49% OFF,Box,,5,,,25
495,4076,2129,2129,600,pro-1-171222074204.jpg,FORCID-SP TAB,Ethical,INNER HEALTH CARE PVT. LTD.,612.00,1200.00,49% OFF,Box,,5,,,25
496,4077,2127,2127,1100,pro-1-171222074104.jpg,FORPOD-200 TAB,Ethical,INNER HEALTH CARE PVT. LTD.,1122.00,2200.00,49% OFF,Box,,5,,,25
497,4078,2130,2130,650,pro-1-171222074023.jpg,FORPOD-100 TAB,Ethical,INNER HEALTH CARE PVT. LTD.,663.00,1300.00,49% OFF,Box,,5,,,25
498,4079,2128,2128,460,pro-1-171222073916.jpg,FORCIFI-O TAB,Ethical,INNER HEALTH CARE PVT. LTD.,469.20,2200.00,78.67% OFF,Box,,5,,,25
499,4080,2131,2131,700,pro-1-171222073810.jpg,FORCIFI-200 TAB,Ethical,INNER HEALTH CARE PVT. LTD.,714.00,1400.00,49% OFF,Box,,5,,,25
500,3525,2112,2112,510,pro-1-031222125117.jpg,I MOON,Veterinary,MOON DRUGS,525.30,6840.00,92.32% OFF,PIECE,1*6,11,,1,7
501,3526,2113,2113,170,pro-1-031222032538.jpg,I MOON FORTE,Veterinary,MOON DRUGS,175.10,590.00,70.32% OFF,Box,1*10,19,,1,7
502,3527,2115,2115,75,pro-1-081222041607.jpg,I MOON KID,Veterinary,MOON DRUGS,77.25,270.00,71.39% OFF,Box,1*10,20,,1,7
503,3528,2114,2114,350,pro-1-081222042150.jpg,I-MOON SOAP,Veterinary,MOON DRUGS,360.50,930.00,61.24% OFF,PACKET,1*10,20,,1,7
504,3529,2116,2116,100,pro-1-081222042237.jpg,I-MOON-30 TAB,Veterinary,MOON DRUGS,103.00,360.00,71.39% OFF,Box,1*10,19,,1,7
505,3530,2117,2117,350,pro-1-081222042325.jpg,I-MOON-AL,Veterinary,MOON DRUGS,360.50,975.00,63.03% OFF,PACKET,1*25,50,,1,7
506,3532,2119,2119,400,pro-1-081222042552.jpg,SHOOT BOLUS,Veterinary,MOON DRUGS,412.00,900.00,54.22% OFF,Box,1*10,20,,1,7
507,3614,2118,2118,280,pro-1-081222041825.jpg,I-MELO-SP BOLUS,Veterinary,MOON DRUGS,288.40,1050.00,72.53% OFF,Box,10*4,1,,,7
508,3615,2120,2120,75,pro-1-081222042446.jpg,OXYMOON BOLUS,Veterinary,MOON DRUGS,77.25,280.00,72.41% OFF,Box,8*4,1,,,7
509,3616,2121,2121,52,pro-1-081222042652.jpg,I HEAL FAST SPRAY,Veterinary,MOON DRUGS,53.56,165.00,67.54% OFF,PACKET,,4,,1,7
510,3617,2122,2122,65,pro-1-081222043248.jpg,BOOBCAL STRONG BOL,Veterinary,MOON DRUGS,66.95,220.00,69.57% OFF,Box,1*10,20,,1,7
511,4099,2150,2150,44.01,pro-1-181222023941.jpg,SAFI 100 ML                   ,General,HAMDARD,44.22,65.00,31.97% OFF,PIECE,,30,,,9
512,4101,2158,2158,51.01,pro-1-181222023914.jpg,JOSHINA 100 ML                ,General,HAMDARD,51.51,75.00,31.32% OFF,PIECE,,30,,,9
513,4104,2153,2153,240.08,pro-1-181222023806.jpg,BONNY POLY KID FEEDER         ,General,BONNE,241.28,450.00,46.38% OFF,PIECE,,5,,,9
514,4105,2160,2160,72.01,pro-1-181222023750.jpg,ROOPMANTRA FASE WASH          ,General,ROOP MANTRA,72.36,98.00,26.16% OFF,PIECE,,24,,,9
515,4106,2154,2154,70,pro-1-181222023735.jpg,KASMADHU SYP                  ,General,TULISON PHARMA,70.35,110.00,36.05% OFF,PIECE,,18,,,9
516,4107,2161,2161,180,pro-1-181222023706.jpg,MORE POWER CAP                ,General,MORE POWER,180.90,248.00,27.06% OFF,PIECE,,7,,,9
517,4109,2162,2162,241.36,pro-1-181222023110.jpg,DR.ORTH OIL 120ML             ,General,DR.ORTHO,242.57,295.00,17.77% OFF,PIECE,,12,,,9
518,4110,2156,2156,140,pro-1-181222023042.jpg,DR.ORTH CAP                   ,General,DR.ORTHO,140.70,183.00,23.11% OFF,PIECE,,8,,,9
519,4111,2163,2163,65.01,pro-1-181222023008.jpg,SWASTH VARDHAK CAP            ,General,SUN INDIA,65.33,185.00,64.69% OFF,PIECE,,23,,,9
520,4112,2164,2164,76.01,pro-1-181222022954.jpg,KAYAM CHURAN 100GM            ,General,SHETH BROS.,76.38,99.00,22.85% OFF,PIECE,,192,,,9
521,4113,2167,2167,39.38,pro-1-181222022942.png,KAYAM CHURAN 50GM             ,General,SHETH BROS.,39.58,55.00,28.04% OFF,PIECE,,184,,,9
522,4114,2166,2166,77,pro-1-181222022930.jpg,PET SAFA CHURN                ,General,DIVISA HEARBAL CARE PVT LTD,77.38,96.00,19.40% OFF,PIECE,,4,,,9
523,4115,2169,2169,114.01,pro-1-181222022916.jpg,DR.ORTHO OIL 60ML             ,General,DR.ORTHO,114.57,158.00,27.49% OFF,PIECE,,13,,,9
524,4116,2165,2165,72.01,pro-1-181222022455.jpg,P-6 CAP                       ,General,TRRUST HEALTH CARE,72.36,142.00,49.04% OFF,PIECE,,22,,,9
525,4117,2168,2168,21,pro-1-181222022442.jpg,B-TEX OINTENET TIN            ,General,B-TEX PVT. LTD.,21.10,30.00,29.67% OFF,PIECE,,76,,,9
526,4119,2180,2180,265.01,pro-1-181222022139.jpg,SPEED HEIGHT CAP              ,General,MAKEWELL PHARMATEUCIALS COMPANY,266.33,396.00,32.74% OFF,PIECE,,7,,,9
527,4124,2173,2173,35.51,pro-1-181222014312.jpg,BOROLINE CREAM                ,General,G.D. PHARMACEUTIALS PVT LTD,35.68,42.00,15.05% OFF,PIECE,,38,,,9
528,4126,2174,2174,385,pro-1-181222014236.jpg,DESTROL M                     ,General,GENERIC,386.92,580.00,33.29% OFF,PIECE,,15,,,9
529,4129,2185,2185,80.01,pro-1-181222013759.jpg,KAYAM TAB                     ,General,SHETH BROS.,80.40,110.00,26.91% OFF,PIECE,,10,,,9
530,4131,2187,2187,60,pro-1-181222013720.jpg,EYE MANTRA DROP               ,General,DR.JUNEJA`S,60.30,85.00,29.06% OFF,PIECE,,1,,,9
531,4132,2178,2178,269.98,pro-1-181222013703.jpg,BONNE POLY CARE FEEDER        ,General,BONNE,271.32,11250.00,97.59% OFF,PIECE,,7,,,9
532,4133,2188,2188,98,pro-1-181222013637.jpg,EMOFORM R                     ,General,EMOFORM-R,98.49,130.00,24.24% OFF,PIECE,,19,,,9
533,4135,2189,2189,97.01,pro-1-181222012701.jpg,ARSH KALP CAP                 ,General,VAIDRISHI,97.49,126.00,22.63% OFF,PIECE,,44,,,9
534,4136,2195,2195,58,pro-1-181222012645.jpg,EMOFORM-R                     ,General,EMOFORM-R,58.29,75.00,22.28% OFF,PIECE,,13,,,9
535,4138,2196,2196,135.01,pro-1-181222012614.jpg,EMOFORM R 150GM                ,General,EMOFORM-R,135.68,175.00,22.47% OFF,PIECE,,19,,,9
536,4139,2191,2191,130,pro-1-181222012552.jpg,NAV PAURUSH CAP               ,General,AMBIC AYURVED INDIA PVT LTD,130.65,210.00,37.79% OFF,PIECE,,8,,,9
537,4140,2197,2197,100.01,pro-1-181222012527.jpg,OLEMESSA OIL                  ,General,A. MENERANI INDIA PVT LTD,100.50,126.00,20.24% OFF,PIECE,,12,,,9
538,4143,2194,2194,112,pro-1-181222012341.jfif,VICKS VAPORUB                 ,General,P&G PVT. LTD.,112.56,155.00,27.38% OFF,PIECE,,19,,,9
539,4145,2202,2202,355,pro-1-181222012242.jfif,VICKS VAPORUB 10ML            ,General,P&G PVT. LTD.,358.55,504.00,28.86% OFF,PIECE,,7,,,9
540,4146,2200,2200,190,pro-1-181222012224.jfif,VICKS VAPORUB 5 ML            ,General,P&G PVT. LTD.,191.90,264.00,27.31% OFF,PIECE,,11,,,9
541,4151,2205,2205,240.08,pro-1-181222012056.jfif,BONNY SUPER POLYKID FEEDER 150,General,BONNE,241.28,525.00,54.04% OFF,PIECE,,8,,,9
542,4152,2207,2207,84,pro-1-181222012041.jfif,RHUTO 60ML                    ,General,RHUTO INDIA PHARMACEUTICALS PVT LTD,84.42,125.00,32.46% OFF,PIECE,,15,,,9
543,4153,2208,2208,50,pro-1-181222012022.jfif,RHUTO 30ML                    ,General,RHUTO INDIA PHARMACEUTICALS PVT LTD,50.25,72.00,30.21% OFF,PIECE,,16,,,9
544,4154,2212,2212,23.5,pro-1-181222011855.jfif,NIXODERM OINTMENT 20GM        ,General,MULLER & PHIPPS (I) LTD,23.62,30.00,21.27% OFF,PIECE,,57,,,9
545,4155,2209,2209,135.01,pro-1-181222011840.jfif,JB SOAP 25GM                  ,General,JONSON,135.68,180.00,24.62% OFF,PIECE,,8,,,9
546,4156,2213,2213,200.01,pro-1-181222011826.jfif,MULTANI CHYAWANPRASH SPECIAL  ,General,MULTANI,201.00,349.00,42.41% OFF,PIECE,,6,,,9
547,4157,2210,2210,350,pro-1-181222011813.jfif,PEARL TABLET                  ,General,PEARL,351.75,900.00,60.92% OFF,PIECE,,6,,,9
548,4313,3066,3066,18,pro-1-130123060600.jpg,AMIR MOSQITO LOSHAN,General,DABUR,18.09,25.00,27.64% OFF,PIECE,,190,,,9
549,4315,3067,3067,250,pro-1-130123060534.jpg,COMPLAN 500GM CHO,General,Zydus Wellness Product Ltd,251.25,290.00,13.36% OFF,PIECE,,9,,,9
550,4316,3068,3068,285,pro-1-130123060521.jpg,COMPLAN 500GM K.B,General,Zydus Wellness Product Ltd,286.42,325.00,11.87% OFF,PIECE,,14,,,9
551,4317,3069,3069,71,pro-1-130123060503.jpg,BORO PLUS ANTICEPTIC CREAM 40ML,General,EMAMI,71.36,80.00,10.8% OFF,PIECE,,18,,,9
552,4318,3070,3070,430.08,pro-1-130123060451.jpg,BORO PLUS ANTICEPTIC,General,EMAMI,432.23,480.00,9.95% OFF,PIECE,,10,,,9
553,4319,3071,3071,36,pro-1-130123060437.jpg,BOROPLUS 19ML,General,EMAMI,36.18,42.00,13.86% OFF,PIECE,,15,,,9
554,4321,3073,3073,75,pro-1-130123060408.jpg,HONITUS MADHUVAANI 150GM,General,DABUR,75.38,105.00,28.21% OFF,PIECE,,28,,,9
555,4323,3075,3075,90,pro-1-130123060344.jpg,JOSHINA 200ML,General,HAMDARD,90.90,130.00,30.08% OFF,PIECE,,38,,,9
556,4325,3077,3077,56,pro-1-130123060313.jpg,KUKA COUGH SYP,General,MULTANI,56.28,110.00,48.84% OFF,PIECE,,24,,,9
557,4326,3078,3078,186,pro-1-130123060301.jpg,DABUR AWALEHA CHYAWANPRASH 500GM,General,DABUR,186.93,230.00,18.73% OFF,PIECE,,20,,,9
558,4327,3079,3079,320,pro-1-130123060206.jpg,DABUR AWALEHA CHYAWANPRASH 1KG,General,DABUR,321.60,395.00,18.58% OFF,PIECE,,9,,,9
559,4328,3080,3080,350,pro-1-130123060155.jpg,FIGARO PURE OLIVE OIL 200ML,General,Figaro,351.75,425.00,17.24% OFF,PIECE,,23,,,9
560,4349,3128,3128,8.43,pro-1-180123064955.jpg,ABHAY TOX,Vaccine,INDIAN IMMUNOLOGICALS LTD,8.94,12.64,29.27% OFF,PIECE,,2,,,26
561,4350,3129,3129,276.58,pro-1-180123065010.jpg,ABHAYRAB,Vaccine,INDIAN IMMUNOLOGICALS LTD,293.17,398.40,26.41% OFF,PIECE,,3,,,26
562,4351,3133,3133,262.9,pro-1-180123065021.jpg,ABHAYRAB PF,Vaccine,INDIAN IMMUNOLOGICALS LTD,278.67,359.67,22.52% OFF,PIECE,,4,,,26
563,4352,3130,3130,3927,pro-1-180123065031.jpg,ALBUCEL 20% 100 ML,Vaccine,INTAS PHARMACEUTICALS,4162.62,6024.00,30.90% OFF,PIECE,,5,,,26
564,4353,3134,3134,2221.44,pro-1-180123065046.jpg,ANTID-300,Vaccine,BHARAT SERUM,2354.73,2744.00,14.19% OFF,PIECE,,3,,,26
565,4354,3131,3131,3200,pro-1-180123065055.jpg,ANTI-D300 PFS,Vaccine,BHARAT SERUM,3392.00,3940.00,13.91% OFF,PIECE,,4,,,26
566,4355,3135,3135,1567.5,pro-1-180123065105.jpg,AVAXIM 80,Vaccine,SANOFI,1661.55,1808.00,8.10% OFF,PIECE,,5,,,26
567,4356,3132,3132,79.2,pro-1-180123065258.jpg,BCG(TUBERVAC),Vaccine,SERUM INSTITUTE,83.95,94.08,10.77% OFF,PIECE,,5,,,26
568,4357,3136,3136,16.68,pro-1-180123065308.jpg,BETD(TETANUS & DIPTHERIA),Vaccine,BIOLOGICAL EVANTS LTD,17.67,19.73,10.44% OFF,PIECE,,5,,,26
569,4358,3137,3137,51.7,pro-1-180123065214.jpg,BEVAC (ADULT),Vaccine,SERUM INSTITUTE,54.80,91.30,39.98% OFF,PIECE,,5,,,26
570,4359,3139,3139,36.3,pro-1-180123065331.jpg,BEVAC(PAED),Vaccine,SERUM INSTITUTE,38.48,45.65,15.71% OFF,PIECE,,5,,,26
571,4360,3138,3138,803.06,pro-1-180123072342.jpg,BHARGLOB 16.5%,Vaccine,BHARAT SERUM,851.24,926.16,8.09% OFF,PIECE,,2,,,26
572,4361,3142,3142,184.4,pro-1-180123071754.jpg,BIO -POLIO (BI-VALENT),Vaccine,SERUM INSTITUTE,195.46,234.13,16.52% OFF,PIECE,,5,,,26
573,4362,3140,3140,658.3,pro-1-180123065636.jpg,NOVOMIX 30 PENFILL 3ML,Vaccine,NOVO NORDISK INDIA PVT LTD NORDISK INDIA PVT LTD,697.80,774.40,9.89% OFF,PIECE,,5,,,26
574,4363,3143,3143,780,pro-1-180123065758.jpg,BIOVAC A,Vaccine,WOCHARD,826.80,1744.00,52.59% OFF,PIECE,,5,,,26
575,4364,3141,3141,1100,pro-1-180123065831.jpg,BOOSTRIX,Vaccine,GSK,1166.00,1299.00,10.24% OFF,PIECE,,5,,,26
576,4365,3144,3144,1030,pro-1-180123065845.jpg,BOOSTRIX (MD),Vaccine,GSK,1091.80,1299.00,15.95% OFF,PIECE,,5,,,26
577,4366,3145,3145,224.4,pro-1-180123065857.jpg,COMVAC FOUR PFS,Vaccine,BHARAT BIOTECH,237.86,550.00,56.75% OFF,PIECE,,5,,,26
578,4367,3147,3147,3600,pro-1-180123065911.jpg,HEMALB 20%,Vaccine,ICHOR BIOLOGICS,3816.00,7299.00,47.72% OFF,PIECE,,5,,,26
579,4368,3146,3146,258.5,pro-1-180123065957.jpg,EASY FIVE TT (PFS),Vaccine,PANACEA BIOTEC LTD,274.01,412.50,33.57% OFF,PIECE,,5,,,26
580,4369,3150,3150,1900,pro-1-180123070024.jpg,EASY SIX (PFS),Vaccine,PANACEA BIOTEC LTD,2014.00,2632.00,23.48% OFF,PIECE,,5,,,26
581,4370,3148,3148,88,pro-1-180123070038.jpg,ENDOPROST 250,Vaccine,BHARAT SERUM,93.28,203.00,54.05% OFF,PIECE,,5,,,26
582,4371,3151,3151,848.1,pro-1-180123070323.jpg,ENTEROSHIELD (PFS),Vaccine,ABBOTT,898.99,1821.00,50.63% OFF,PIECE,,5,,,26
583,4372,3149,3149,950,pro-1-180123070342.jpg,FLUARIXTETRA,Vaccine,GSK,1007.00,2170.00,53.59% OFF,PIECE,,5,,,26
584,4373,3152,3152,7500,pro-1-180123070353.jpg,FOVEPTA,Vaccine,ABBOTT,7950.00,10442.00,23.87% OFF,PIECE,,5,,,26
585,4374,3153,3153,3200,pro-1-180123070407.jpg,GARDASIL (PFS),Vaccine,MSD,3392.00,3927.00,13.62% OFF,PIECE,,5,,,26
586,4375,3156,3156,250,pro-1-180123070420.jpg,GENVACB (MD),Vaccine,SERUM INSTITUTE,265.00,819.83,67.68% OFF,PIECE,,5,,,26
587,4376,3154,3154,1200,pro-1-180123072449.jpg,GLOBUCEL 5% 0.5GM,Vaccine,INTAS PHARMACEUTICALS,1272.00,1615.00,21.24% OFF,PIECE,,5,,,26
588,4377,3157,3157,8031.06,pro-1-180123070521.webp,GLOBUCEL 5GM 100ML,Vaccine,INTAS PHARMACEUTICALS,8512.92,9692.03,12.17% OFF,PIECE,,5,,,26
589,4378,3155,3155,1700,pro-1-180123070539.jpg,NEXIPOX (VARICELLA),Vaccine,NOVO NORDISK INDIA PVT LTD MEDISCIENCE,1802.00,2389.00,24.57% OFF,PIECE,,5,,,26
590,4379,3158,3158,1400,pro-1-180123070550.jpg,HAVRIX 720 (VAIL),Vaccine,GSK,1484.00,2099.00,29.30% OFF,PIECE,,5,,,26
591,4380,3162,3162,1457.61,pro-1-180123070600.jpg,HAVSHIELD,Vaccine,ABBOTT,1545.07,1890.00,18.25% OFF,PIECE,,5,,,26
592,4381,3159,3159,2450,pro-1-180123070611.jpg,HEPA BSV 100 IU,Vaccine,BHARAT SERUM,2597.00,5605.03,53.67% OFF,PIECE,,5,,,26
593,4382,3163,3163,3200,pro-1-180123070622.jpg,HEXAXIM,Vaccine,SANOFI,3392.00,4095.00,17.17% OFF,PIECE,,5,,,26
594,4383,3160,3160,322.19,pro-1-180123070633.jpg,HUCOG (HP) 5000 IU,Vaccine,BHARAT SERUM,341.52,486.58,29.81% OFF,PIECE,,5,,,26
595,4384,3164,3164,1300,pro-1-180123070644.jpg,IMMUNOREL5%,Vaccine,RELIANCE,1378.00,1798.00,23.36% OFF,PIECE,,5,,,26
596,4385,3161,3161,330,pro-1-180123070656.jpg,INCEPTOVA FSH 75IU,Vaccine,INDIAN IMMUNOLOGICALS LTD,349.80,1040.00,66.37% OFF,PIECE,,5,,,26
597,4386,3165,3165,256.42,pro-1-180123070706.jpg,INCEPTOVA-HCG 5000 IU,Vaccine,INDIAN IMMUNOLOGICALS LTD,271.80,472.59,42.49% OFF,PIECE,,5,,,26
598,4387,3173,3173,251.91,pro-1-180123070723.jpg,INDIRAB,Vaccine,BHARAT BIOTECH,267.02,315.00,15.23% OFF,PIECE,,5,,,26
599,4388,3167,3167,1364,pro-1-180123070739.jpg,INFANRIX,Vaccine,GSK,1445.84,1699.00,14.90% OFF,PIECE,,5,,,26
600,4389,3174,3174,2296.81,pro-1-180123070754.jpg,INFANRIX HEXA,Vaccine,GSK,2434.61,3099.00,21.44% OFF,PIECE,,5,,,26
601,4390,3168,3168,998.4,pro-1-180123070809.jpg,INFLUVAC TETRA (ADULT) NH,Vaccine,ABBOTT,1058.30,2024.00,47.71% OFF,PIECE,,5,,,26
602,4391,3175,3175,495,pro-1-180123070823.jpg,JE SHIELD PFS,Vaccine,ABBOTT,524.70,685.00,23.40% OFF,PIECE,,5,,,26
603,4392,3169,3169,429.96,pro-1-180123070834.jpg,JEEV-3 MCG (VIAL),Vaccine,BIOLOGICAL EVANTS LTD,455.76,559.36,18.52% OFF,PIECE,,5,,,26
604,4393,3176,3176,578.6,pro-1-180123070858.jpg,JEEV-6  MCG (VIAL),Vaccine,BIOLOGICAL EVANTS LTD,613.32,730.28,16.02% OFF,PIECE,,5,,,26
605,4394,3170,3170,478.5,pro-1-180123070916.jpg,JENVAC PFS,Vaccine,BHARAT BIOTECH,507.21,664.60,23.68% OFF,PIECE,,5,,,26
606,4395,3177,3177,6648,pro-1-180123072417.jpg,LUPRODEX 11.25,Vaccine,BHARAT SERUM,7046.88,8037.00,12.32% OFF,PIECE,,5,,,26
607,4396,3172,3172,3845.6,pro-1-180123070950.jpg,MENACTRA,Vaccine,SANOFI,4076.34,4950.00,17.65% OFF,PIECE,,5,,,26
608,4397,3178,3178,3157,pro-1-180123071000.jpg,MENVEO VIAL,Vaccine,GSK,3346.42,3950.00,15.28% OFF,PIECE,,5,,,26
609,4398,3180,3180,313.8,pro-1-180123071011.jpg,CHIRORAB,Vaccine,CHIRON BEHRING,332.62,359.68,7.52% OFF,PIECE,,5,,,26
610,4399,3179,3179,5588.01,pro-1-180123071021.jpg,PENTAGLOBIN,Vaccine,Paviour Pharmaceuticals Pvt Ltd,5923.29,6299.00,5.96% OFF,PIECE,,5,,,26
611,4400,3181,3181,176,pro-1-180123071033.jpg,PENTAVAC SD,Vaccine,SERUM INSTITUTE,186.56,420.39,55.62% OFF,PIECE,,5,,,26
612,4401,3185,3185,272.8,pro-1-180123071051.jpg,PENTAVAC(PFS),Vaccine,SERUM INSTITUTE,289.17,420.39,31.21% OFF,PIECE,,5,,,26
613,4402,3182,3182,2717,pro-1-180123071111.jpg,PENTAXIM,Vaccine,SANOFI,2880.02,2995.00,3.84% OFF,PIECE,,5,,,26
614,4403,3186,3186,2350,pro-1-180123071123.jpg,PLASMAHEP 100IU,Vaccine,Plasma Gen Biosciences Pvt Ltd,2491.00,5757.00,56.73% OFF,PIECE,,5,,,26
615,4404,3184,3184,1190.2,pro-1-180123071232.png,PNEUMOSIL,Vaccine,SERUM INSTITUTE,1261.61,1990.00,36.60% OFF,PIECE,,5,,,26
616,4405,3187,3187,1672,pro-1-180123071243.jpg,PNEUMOVAX 23 (PFS),Vaccine,MSD,1772.32,2100.00,15.60% OFF,PIECE,,5,,,26
617,4406,3183,3183,326.7,pro-1-180123071322.jpg,POLIOVAC VIAL,Vaccine,SERUM INSTITUTE,346.30,489.84,29.30% OFF,PIECE,,5,,,26
618,4407,3188,3188,3003,pro-1-180123071338.jpg,PREVNAR-13,Vaccine,PFIZER,3183.18,3991.00,20.24% OFF,PIECE,,5,,,26
619,4408,3189,3189,627,pro-1-180123071353.jpg,PRIORIX,Vaccine,GSK,664.62,779.00,14.68% OFF,PIECE,,5,,,26
620,4409,3192,3192,126.72,pro-1-180123071405.jpg,PROGESHIELD 250 mg,Vaccine,INDIAN IMMUNOLOGICALS LTD,134.32,160.00,16.05% OFF,PIECE,,5,,,26
621,4410,3190,3190,217.81,pro-1-180123071417.jpg,PROGESHIELD 500mg,Vaccine,INDIAN IMMUNOLOGICALS LTD,230.88,275.00,16.04% OFF,PIECE,,5,,,26
622,4411,3193,3193,1490.5,pro-1-180123071438.jpg,RABISHIELD-100,Vaccine,SERUM INSTITUTE,1579.93,2103.97,24.91% OFF,PIECE,,5,,,26
623,4412,3191,3191,278.3,pro-1-180123071448.jpg,RABIVAX-S,Vaccine,SERUM INSTITUTE,295.00,359.65,17.98% OFF,PIECE,,5,,,26
624,4413,3194,3194,29.7,pro-1-180123071501.jpg,REVAC B(PAED),Vaccine,BHARAT BIOTECH,31.48,37.30,15.60% OFF,PIECE,,5,,,26
625,4414,3195,3195,1798.5,pro-1-180123071512.jpg,RHOCLONE 150 MCG,Vaccine,BHARAT SERUM,1906.41,2069.04,7.86% OFF,PIECE,,5,,,26
626,4415,3196,3196,1419,pro-1-180123071523.jpg,ROTA RIX,Vaccine,GSK,1504.14,1770.00,15.02% OFF,PIECE,,5,,,26
627,4416,3197,3197,575.31,pro-1-180123071533.jpg,ROTASIL LIQUID,Vaccine,SERUM INSTITUTE,609.83,995.30,38.73% OFF,PIECE,,5,,,26
628,4417,3198,3198,344.31,pro-1-180123071544.jpg,ROTASURE,Vaccine,ABBOTT,364.97,729.00,49.94% OFF,PIECE,,5,,,26
629,4418,3199,3199,777.7,pro-1-180123071558.jpg,ROTATEQ  (ORV),Vaccine,MSD,824.36,1175.00,29.84% OFF,PIECE,,5,,,26
630,4419,3200,3200,344.31,pro-1-180123070940.jpg,ROTAVAC ( ORV ),Vaccine,BHARAT BIOTECH,364.97,689.00,47.03% OFF,PIECE,,5,,,26
631,4420,3201,3201,4510,pro-1-180123065144.jpg,RYZODEG PENFIL CARTRIDGE,Vaccine,NOVO NORDISK INDIA PVT LTD NORDISK INDIA PVT LTD,4780.60,1024.00,-366.86% OFF,PIECE,,5,,,26
632,4421,3202,3202,5763.99,pro-1-180123064935.jpg,SURVANTA 4ML,Vaccine,ABBOTT,6109.83,7037.23,13.18% OFF,PIECE,,5,,,26
633,4422,3203,3203,11109.99,pro-1-180123064923.jpg,SURVANTA 8ML,Vaccine,ABBOTT,11776.59,15589.70,24.46% OFF,PIECE,,5,,,26
634,4423,3204,3204,1406.91,pro-1-180123064854.jpg,SYNFLORIX (PFS),Vaccine,GSK,1491.32,2399.00,37.84% OFF,PIECE,,5,,,26
635,4424,3205,3205,247.5,pro-1-180123064842.jpg,EASY FOUR TT PFS,Vaccine,PANACEA BIOTEC LTD,262.35,357.15,26.54% OFF,PIECE,,5,,,26
636,4425,3206,3206,1760,pro-1-180123064829.jpg,TETRAXIM,Vaccine,SANOFI,1865.60,2188.00,14.73% OFF,PIECE,,5,,,26
637,4426,3207,3207,400.4,pro-1-180123064819.jpg,TRESIVAC PFS (MMR),Vaccine,SERUM INSTITUTE,424.42,600.00,29.26% OFF,PIECE,,5,,,26
638,4427,3208,3208,200.2,pro-1-180123064806.jpg,TYPBAR PFS,Vaccine,BHARAT BIOTECH,212.21,319.00,33.48% OFF,PIECE,,5,,,26
639,4428,3209,3209,840.4,pro-1-180123064752.jpg,TYPBAR TCV PFS,Vaccine,BHARAT BIOTECH,890.82,1945.00,54.20% OFF,PIECE,,5,,,26
640,4429,3210,3210,720.5,pro-1-180123064742.jpg,TYPBAR-TCV-VIAL,Vaccine,BHARAT BIOTECH,763.73,1945.00,60.73% OFF,PIECE,,5,,,26
641,4430,3211,3211,130,pro-1-180123064006.jpg,VACTYPH,Vaccine,ZYDUS,137.80,241.00,42.82% OFF,PIECE,,5,,,26
642,4431,3212,3212,1628,pro-1-180123063957.jpg,VARILRIX,Vaccine,GSK,1725.68,2029.00,14.95% OFF,PIECE,,5,,,26
643,4432,3213,3213,1653.3,pro-1-180123063947.jpg,VARIPED PFS,Vaccine,MSD,1752.50,2220.00,21.06% OFF,PIECE,,5,,,26
644,4433,3214,3214,819.5,pro-1-180123063936.jpg,VAXIFLU-4  (PFS),Vaccine,ZYDUS,868.67,1511.00,42.51% OFF,PIECE,,5,,,26
645,4434,3215,3215,302.49,pro-1-180123063928.jpg,VAXIRAB N,Vaccine,ZYDUS,320.64,351.00,8.65% OFF,PIECE,,5,,,26
646,4435,3216,3216,3783.99,pro-1-180123063915.jpg,VICTOZA-LIRAGLITID 3ML ,Vaccine,NOVO NORDISK INDIA PVT LTD NORDISK INDIA PVT LTD,4011.03,5324.00,24.66% OFF,PIECE,,5,,,26
647,4436,3217,3217,808.5,pro-1-180123063840.jpg,ZYVAC TCV-PFS,Vaccine,ZYDUS,857.01,1795.00,52.26% OFF,PIECE,,5,,,26
